	Run	SortedStrain	project	condition	reference_condition	BioProject	TaxID	ReleaseDate	LoadDate	spots	bases	spots_with_mates	avgLength	size_MB	AssemblyName	download_path	LibraryName	LibraryStrategy	LibrarySelection	LibrarySource	LibraryLayout	InsertSize	InsertDev	Platform	Model	SRAStudy	Study_Pubmed_id	Unnamed: 26	Sample	BioSample	SampleType	Unnamed: 30	ScientificName	SampleName	g1k_pop_code	source	g1k_analysis_group	Subject_ID	Sex	Disease	Tumor	Affection_Status	Analyte_Type	Histological_Type	Body_Site	CenterName	Submission	dbgap_study_accession	Consent	RunHash	ReadHash	R1	R2	passed_fastqc	passed_reads_mapped_to_CDS	passed_global_correlation	skip
ERX2826862	DRR084259	HG001	574312	574312_0	574312_0	PRJDB5479	1280	2019-01-18 16:30:20	2019-01-18 16:31:22	24073797	866656692	0	36	629		https://sra-downloadb.be-md.ncbi.nlm.nih.gov/sos5/sra-pub-zq-11/DRR000/084/DRR084259/DRR084259.sralite.1	1_RN4220-1-RNAseq	RNA-Seq	cDNA	TRANSCRIPTOMIC	SINGLE	0	0	ILLUMINA	Illumina HiSeq 2500	DRP004747			DRS086253	SAMD00071757	simple		Staphylococcus aureus	SAMD00071757							no					UT_GSPS	DRA005493		public	69797B56C7226BE4D8C02A8AD3E91EEA	A522A281177112883E453D297DEA609F			TRUE	TRUE	TRUE	
ERX2826863	DRR084260	HG001	574312	574312_11	574312_0	PRJDB5479	1280	2019-01-18 16:30:20	2019-01-18 16:32:13	20841672	750300192	0	36	542		https://sra-downloadb.be-md.ncbi.nlm.nih.gov/sos5/sra-pub-zq-11/DRR000/084/DRR084260/DRR084260.sralite.1	2_RN4220-2-RNAseq	RNA-Seq	cDNA	TRANSCRIPTOMIC	SINGLE	0	0	ILLUMINA	Illumina HiSeq 2500	DRP004747			DRS086254	SAMD00071758	simple		Staphylococcus aureus	SAMD00071758							no					UT_GSPS	DRA005493		public	B29BCF8E2E6CA207B96DE183FED55240	5FB98589C299944F785BC229F99525F0			TRUE	TRUE	TRUE	
ERX2826864	DRR084261	HG001	574312	574312_12	574312_0	PRJDB5479	1280	2019-01-18 16:30:20	2019-01-18 16:31:52	35553662	1279931832	0	36	927		https://sra-downloadb.be-md.ncbi.nlm.nih.gov/sos5/sra-pub-zq-11/DRR000/084/DRR084261/DRR084261.sralite.1	3_RN4220-3-RNAseq	RNA-Seq	cDNA	TRANSCRIPTOMIC	SINGLE	0	0	ILLUMINA	Illumina HiSeq 2500	DRP004747			DRS086255	SAMD00071759	simple		Staphylococcus aureus	SAMD00071759							no					UT_GSPS	DRA005493		public	82B66356ACA2779980ACC613173CC80C	F6BC964232E4CF153E5EC2238BAB44F0			TRUE	TRUE	TRUE	
ERX2826865	DRR084262	HG001	574312	574312_13	574312_0	PRJDB5479	1280	2019-01-18 16:30:20	2019-01-18 16:31:45	15933822	573617592	0	36	417		https://sra-downloadb.be-md.ncbi.nlm.nih.gov/sos5/sra-pub-zq-11/DRR000/084/DRR084262/DRR084262.sralite.1	4_DcvfE-1-RNAseq	RNA-Seq	cDNA	TRANSCRIPTOMIC	SINGLE	0	0	ILLUMINA	Illumina HiSeq 2500	DRP004747			DRS086256	SAMD00071760	simple		Staphylococcus aureus	SAMD00071760							no					UT_GSPS	DRA005493		public	1B57268C1A3178A404EC23FB71AE127A	1B3B69EC14A454C7D3E14C0D29CE8B5A			TRUE	TRUE	TRUE	
ERX2826866	DRR084263	HG001	574312	574312_14	574312_0	PRJDB5479	1280	2019-01-18 16:30:20	2019-01-18 16:31:52	30638434	1102983624	0	36	799		https://sra-downloadb.be-md.ncbi.nlm.nih.gov/sos5/sra-pub-zq-11/DRR000/084/DRR084263/DRR084263.sralite.1	5_DcvfE-2-RNAseq	RNA-Seq	cDNA	TRANSCRIPTOMIC	SINGLE	0	0	ILLUMINA	Illumina HiSeq 2500	DRP004747			DRS086257	SAMD00071761	simple		Staphylococcus aureus	SAMD00071761							no					UT_GSPS	DRA005493		public	81163E8436CB2F2F282F0F589D5BAA12	7116DBC2E59DB778C591F0D3E11DE036			TRUE	TRUE	TRUE	
ERX2826867	DRR084264	HG001	574312	574312_01	574312_0	PRJDB5479	1280	2019-01-18 16:30:20	2019-01-18 16:31:50	22656098	815619528	0	36	589		https://sra-downloadb.be-md.ncbi.nlm.nih.gov/sos5/sra-pub-zq-11/DRR000/084/DRR084264/DRR084264.sralite.1	6_DcvfE-3-RNAseq	RNA-Seq	cDNA	TRANSCRIPTOMIC	SINGLE	0	0	ILLUMINA	Illumina HiSeq 2500	DRP004747			DRS086258	SAMD00071762	simple		Staphylococcus aureus	SAMD00071762							no					UT_GSPS	DRA005493		public	F5D2A983F7C4335E1FF5F3A9290AFFD4	0796640AD09B133EB0EE4517169F2AD0			TRUE	TRUE	TRUE	
ERX2826868	DRR084265	HG001	574312	574312_02	574312_0	PRJDB5479	1280	2019-01-18 16:30:20	2019-01-18 16:31:30	32478843	1169238348	0	36	846		https://sra-downloadb.be-md.ncbi.nlm.nih.gov/sos5/sra-pub-zq-11/DRR000/084/DRR084265/DRR084265.sralite.1	7_DcvfE_pE-1-RNAseq	RNA-Seq	cDNA	TRANSCRIPTOMIC	SINGLE	0	0	ILLUMINA	Illumina HiSeq 2500	DRP004747			DRS086259	SAMD00071763	simple		Staphylococcus aureus	SAMD00071763							no					UT_GSPS	DRA005493		public	5B97B38F866CFB55240BB0FD738EF24D	6EE9630C4566CC52D91A6D33CE92ACE7			TRUE	TRUE	TRUE	
ERX2826869	DRR084266	HG001	574312	574312_03	574312_0	PRJDB5479	1280	2019-01-18 16:30:20	2019-01-18 16:31:25	11782840	424182240	0	36	307		https://sra-downloadb.be-md.ncbi.nlm.nih.gov/sos5/sra-pub-zq-11/DRR000/084/DRR084266/DRR084266.sralite.1	8_DcvfE_pE-2-RNAseq	RNA-Seq	cDNA	TRANSCRIPTOMIC	SINGLE	0	0	ILLUMINA	Illumina HiSeq 2500	DRP004747			DRS086260	SAMD00071764	simple		Staphylococcus aureus	SAMD00071764							no					UT_GSPS	DRA005493		public	EBF77E3496F9C408DDB8BA5CFA6C6793	6443165BDC9B6F3DF53C4B699A66DA38			TRUE	TRUE	TRUE	
ERX2826870	DRR084267	HG001	574312	574312_04	574312_0	PRJDB5479	1280	2019-01-18 16:30:20	2019-01-18 16:31:53	23993238	863756568	0	36	625		https://sra-downloadb.be-md.ncbi.nlm.nih.gov/sos5/sra-pub-zq-11/DRR000/084/DRR084267/DRR084267.sralite.1	9_DcvfE_pE-3-RNAseq	RNA-Seq	cDNA	TRANSCRIPTOMIC	SINGLE	0	0	ILLUMINA	Illumina HiSeq 2500	DRP004747			DRS086261	SAMD00071765	simple		Staphylococcus aureus	SAMD00071765							no					UT_GSPS	DRA005493		public	1C6B158582843A2579ECFD610F4050A8	6D5355079C4861FABECBE752A130A0C7			TRUE	TRUE	TRUE	
ERX4581838	DRR084268	HG003 (NCTC8325 der.)	703888	703888_0	703888_0	PRJDB5480	1280	2019-01-18 13:27:39	2019-01-18 13:38:17	20874499	751481964	0	36	545		https://sra-downloadb.be-md.ncbi.nlm.nih.gov/sos5/sra-pub-zq-11/DRR000/084/DRR084268/DRR084268.sralite.1	10_MW2-1-RNAseq	RNA-Seq	cDNA	TRANSCRIPTOMIC	SINGLE	0	0	ILLUMINA	Illumina HiSeq 2500	DRP004744			DRS086068	SAMD00073682	simple		Staphylococcus aureus	SAMD00073682							no					UT_GSPS	DRA005494		public	5ABAE0C6C6ECD01DC336E6EF9CC7EE43	4A8424E0D7A37A6E02DF8F8DB8E7F884			TRUE	TRUE	TRUE	
ERX4581842	DRR084272	HG003 (NCTC8325 der.)	703888	703888_0	703888_0	PRJDB5480	1280	2019-01-18 13:27:39	2019-01-18 13:36:26	17923137	645232932	0	36	523		https://sra-downloadb.be-md.ncbi.nlm.nih.gov/sos5/sra-pub-zq-11/DRR000/084/DRR084272/DRR084272.sralite.1	14_MW2-2-RNAseq	RNA-Seq	cDNA	TRANSCRIPTOMIC	SINGLE	0	0	ILLUMINA	Illumina HiSeq 2500	DRP004744			DRS086072	SAMD00073686	simple		Staphylococcus aureus	SAMD00073686							no					UT_GSPS	DRA005494		public	2A8EF31F7AD44D7E91D28AF107C5C004	3C1E0B6C8FB3599A1AC249DD45477440			TRUE	TRUE	TRUE	
ERX4581846	DRR084276	HG003 (NCTC8325 der.)	703888	703888_0	703888_0	PRJDB5480	1280	2019-01-18 13:27:39	2019-01-18 13:36:13	20193736	726974496	0	36	585		https://sra-downloadb.be-md.ncbi.nlm.nih.gov/sos5/sra-pub-zq-11/DRR000/084/DRR084276/DRR084276.sralite.1	18_MW2-3-RNAseq	RNA-Seq	cDNA	TRANSCRIPTOMIC	SINGLE	0	0	ILLUMINA	Illumina HiSeq 2500	DRP004744			DRS086076	SAMD00073690	simple		Staphylococcus aureus	SAMD00073690							no					UT_GSPS	DRA005494		public	9DEE5927609E25828F1AC7A522C139AC	0F2AD4AFB91808337668191808D2730D			TRUE	TRUE	TRUE	
ERX4581839	DRR084269	HG003 (NCTC8325 der.)	703888	703888_1	703888_0	PRJDB5480	1280	2019-01-18 13:27:39	2019-01-18 13:35:32	16338302	588178872	0	36	389		https://sra-downloadb.be-md.ncbi.nlm.nih.gov/sos5/sra-pub-zq-11/DRR000/084/DRR084269/DRR084269.sralite.1	11_MW2_F-1-RNAseq	RNA-Seq	cDNA	TRANSCRIPTOMIC	SINGLE	0	0	ILLUMINA	Illumina HiSeq 2500	DRP004744			DRS086069	SAMD00073683	simple		Staphylococcus aureus	SAMD00073683							no					UT_GSPS	DRA005494		public	84DADBE86C764EECD0FFAC7B56DC5008	F91F934DFE1A579EA0F4C125846E97F2			TRUE	TRUE	TRUE	
ERX4581843	DRR084273	HG003 (NCTC8325 der.)	703888	703888_1	703888_0	PRJDB5480	1280	2019-01-18 13:27:39	2019-01-18 13:38:21	22855636	822802896	0	36	663		https://sra-downloadb.be-md.ncbi.nlm.nih.gov/sos5/sra-pub-zq-11/DRR000/084/DRR084273/DRR084273.sralite.1	15_MW2_F-2-RNAseq	RNA-Seq	cDNA	TRANSCRIPTOMIC	SINGLE	0	0	ILLUMINA	Illumina HiSeq 2500	DRP004744			DRS086073	SAMD00073687	simple		Staphylococcus aureus	SAMD00073687							no					UT_GSPS	DRA005494		public	6FAE4A71E4B162F18481A0196735AB58	A7705D907CD81FB1B981564677697BD7			TRUE	TRUE	TRUE	
ERX4581847	DRR084277	HG003 (NCTC8325 der.)	703888	703888_1	703888_0	PRJDB5480	1280	2019-01-18 13:27:39	2019-01-18 13:33:47	21012879	756463644	0	36	504		https://sra-downloadb.be-md.ncbi.nlm.nih.gov/sos5/sra-pub-zq-11/DRR000/084/DRR084277/DRR084277.sralite.1	19_MW2_F-3-RNAseq	RNA-Seq	cDNA	TRANSCRIPTOMIC	SINGLE	0	0	ILLUMINA	Illumina HiSeq 2500	DRP004744			DRS086077	SAMD00073691	simple		Staphylococcus aureus	SAMD00073691							no					UT_GSPS	DRA005494		public	4C26F6F8E6CC8B730F7A9C5CEA80DEF6	70107DE20BE11FA6D1E3927A7073199D			TRUE	TRUE	TRUE	
ERX4581840	DRR084270	HG003 (NCTC8325 der.)	703888	703888_2	703888_0	PRJDB5480	1280	2019-01-18 13:27:39	2019-01-18 13:35:22	16943706	609973416	0	36	405		https://sra-downloadb.be-md.ncbi.nlm.nih.gov/sos5/sra-pub-zq-11/DRR000/084/DRR084270/DRR084270.sralite.1	12_USA300-1-RNAseq	RNA-Seq	cDNA	TRANSCRIPTOMIC	SINGLE	0	0	ILLUMINA	Illumina HiSeq 2500	DRP004744			DRS086070	SAMD00073684	simple		Staphylococcus aureus	SAMD00073684							no					UT_GSPS	DRA005494		public	9F4788349D7A6D44F68AE90336449F33	7B34BCC9F2BB503647BA78516CD2B872			TRUE	TRUE	TRUE	
ERX4581848	DRR084278	HG003 (NCTC8325 der.)	703888	703888_2	703888_0	PRJDB5480	1280	2019-01-18 13:27:39	2019-01-18 13:36:46	16163409	581882724	0	36	387		https://sra-downloadb.be-md.ncbi.nlm.nih.gov/sos5/sra-pub-zq-11/DRR000/084/DRR084278/DRR084278.sralite.1	20_USA300-3-RNAseq	RNA-Seq	cDNA	TRANSCRIPTOMIC	SINGLE	0	0	ILLUMINA	Illumina HiSeq 2500	DRP004744			DRS086078	SAMD00073692	simple		Staphylococcus aureus	SAMD00073692							no					UT_GSPS	DRA005494		public	19311E515F8855DB404ED527DD549FA5	76B41ABB0581095A5AF5AB463B4F2527			TRUE	TRUE	TRUE	
ERX4581844	DRR084274	HG003 (NCTC8325 der.)	703888	703888_2	703888_0	PRJDB5480	1280	2019-01-18 13:27:39	2019-01-18 13:36:59	38377731	1381598316	0	36	1115		https://sra-downloadb.be-md.ncbi.nlm.nih.gov/sos5/sra-pub-zq-11/DRR000/084/DRR084274/DRR084274.sralite.1	16_USA300-2-RNAseq	RNA-Seq	cDNA	TRANSCRIPTOMIC	SINGLE	0	0	ILLUMINA	Illumina HiSeq 2500	DRP004744			DRS086074	SAMD00073688	simple		Staphylococcus aureus	SAMD00073688							no					UT_GSPS	DRA005494		public	090C5E8A9D9F170EB0CB798ACB538FC8	FA8C9DF9BE6A735E33205A99A4EA81EE			TRUE	TRUE	TRUE	
ERX4581841	DRR084271	HG003 (NCTC8325 der.)	703888	703888_3	703888_0	PRJDB5480	1280	2019-01-18 13:27:39	2019-01-18 13:32:41	49374756	1777491216	0	36	1434		https://sra-downloadb.be-md.ncbi.nlm.nih.gov/sos5/sra-pub-zq-11/DRR000/084/DRR084271/DRR084271.sralite.1	13_USA300_F-1-RNAseq	RNA-Seq	cDNA	TRANSCRIPTOMIC	SINGLE	0	0	ILLUMINA	Illumina HiSeq 2500	DRP004744			DRS086071	SAMD00073685	simple		Staphylococcus aureus	SAMD00073685							no					UT_GSPS	DRA005494		public	5DF78F0AEE065275ED835D22EC7B6AB0	AA3190EA3E5A1F4AC1E38F86B5240DB6			TRUE	TRUE	TRUE	
ERX4581845	DRR084275	HG003 (NCTC8325 der.)	703888	703888_3	703888_0	PRJDB5480	1280	2019-01-18 13:27:39	2019-01-18 13:35:43	16691066	600878376	0	36	483		https://sra-downloadb.be-md.ncbi.nlm.nih.gov/sos5/sra-pub-zq-11/DRR000/084/DRR084275/DRR084275.sralite.1	17_USA300_F-2-RNAseq	RNA-Seq	cDNA	TRANSCRIPTOMIC	SINGLE	0	0	ILLUMINA	Illumina HiSeq 2500	DRP004744			DRS086075	SAMD00073689	simple		Staphylococcus aureus	SAMD00073689							no					UT_GSPS	DRA005494		public	B089D4AFA855A7378F0FF3C247A1CEC1	1398EAFE25E0BD16185A0205EAA4FACB			TRUE	TRUE	TRUE	
ERX4581849	DRR084279	HG003 (NCTC8325 der.)	703888	703888_3	703888_0	PRJDB5480	1280	2019-01-18 13:27:39	2019-01-18 13:37:54	20067164	722417904	0	36	512		https://sra-downloadb.be-md.ncbi.nlm.nih.gov/sos5/sra-pub-zq-11/DRR000/084/DRR084279/DRR084279.sralite.1	21_USA300_F-3-RNAseq	RNA-Seq	cDNA	TRANSCRIPTOMIC	SINGLE	0	0	ILLUMINA	Illumina HiSeq 2500	DRP004744			DRS086079	SAMD00073693	simple		Staphylococcus aureus	SAMD00073693							no					UT_GSPS	DRA005494		public	5DE88B41BF41B2F24FBBC258DD46CF29	27C89ED32612B4BA7C0BA500AB6AB8C1			TRUE	TRUE	TRUE	
ERX4581850	DRR084280	HG003 (NCTC8325 der.)	703888	703888_4	703888_0	PRJDB5480	1280	2019-01-18 13:27:39	2019-01-18 13:37:31	18674602	672285672	0	36	474		https://sra-downloadb.be-md.ncbi.nlm.nih.gov/sos5/sra-pub-zq-11/DRR000/084/DRR084280/DRR084280.sralite.1	22_plnt-1-RNAseq	RNA-Seq	cDNA	TRANSCRIPTOMIC	SINGLE	0	0	ILLUMINA	Illumina HiSeq 2500	DRP004744			DRS086080	SAMD00073694	simple		Staphylococcus aureus	SAMD00073694							no					UT_GSPS	DRA005494		public	B25B2FE3DF6B88B72A86DF92701B2082	3F5BEEBAF855B2B5B64FF532EF55B7FE			TRUE	TRUE	TRUE	
ERX4581854	DRR084284	HG003 (NCTC8325 der.)	703888	703888_4	703888_0	PRJDB5480	1280	2019-01-18 13:27:39	2019-01-18 13:32:50	27859357	1002936852	0	36	711		https://sra-downloadb.be-md.ncbi.nlm.nih.gov/sos5/sra-pub-zq-11/DRR000/084/DRR084284/DRR084284.sralite.1	26_pC1-1-RNAseq	RNA-Seq	cDNA	TRANSCRIPTOMIC	SINGLE	0	0	ILLUMINA	Illumina HiSeq 2500	DRP004744			DRS086084	SAMD00073698	simple		Staphylococcus aureus	SAMD00073698							no					UT_GSPS	DRA005494		public	157397775637525FDD73A87D7B318727	19ED05B927AC0E694BF46A6B41755FD1			TRUE	TRUE	TRUE	
ERX4581858	DRR084288	HG003 (NCTC8325 der.)	703888	703888_4	703888_0	PRJDB5480	1280	2019-01-18 13:27:39	2019-01-18 13:37:09	25414403	914918508	0	36	646		https://sra-downloadb.be-md.ncbi.nlm.nih.gov/sos5/sra-pub-zq-11/DRR000/084/DRR084288/DRR084288.sralite.1	30_pND50-2-RNAseq	RNA-Seq	cDNA	TRANSCRIPTOMIC	SINGLE	0	0	ILLUMINA	Illumina HiSeq 2500	DRP004744			DRS086088	SAMD00073702	simple		Staphylococcus aureus	SAMD00073702							no					UT_GSPS	DRA005494		public	3907E6DCF545623412027C955D5A0B32	155C9F021E0B8EE5AA2E62879B5EE817			TRUE	TRUE	TRUE	
ERX4581855	DRR084285	HG003 (NCTC8325 der.)	703888	703888_5	703888_0	PRJDB5480	1280	2019-01-18 13:27:39	2019-01-18 13:36:38	22991461	827692596	0	36	584		https://sra-downloadb.be-md.ncbi.nlm.nih.gov/sos5/sra-pub-zq-11/DRR000/084/DRR084285/DRR084285.sralite.1	27_pM1-1-RNAseq	RNA-Seq	cDNA	TRANSCRIPTOMIC	SINGLE	0	0	ILLUMINA	Illumina HiSeq 2500	DRP004744			DRS086085	SAMD00073699	simple		Staphylococcus aureus	SAMD00073699							no					UT_GSPS	DRA005494		public	314F272A71F6CEA69B16EC3F9034B4A3	D09D9FED5A61757B1BDA96A88DAC5F9B			TRUE	TRUE	TRUE	
ERX4581851	DRR084281	HG003 (NCTC8325 der.)	703888	703888_5	703888_0	PRJDB5480	1280	2019-01-18 13:27:39	2019-01-18 13:34:45	20630770	742707720	0	36	527		https://sra-downloadb.be-md.ncbi.nlm.nih.gov/sos5/sra-pub-zq-11/DRR000/084/DRR084281/DRR084281.sralite.1	23_plntF-1-RNAseq	RNA-Seq	cDNA	TRANSCRIPTOMIC	SINGLE	0	0	ILLUMINA	Illumina HiSeq 2500	DRP004744			DRS086081	SAMD00073695	simple		Staphylococcus aureus	SAMD00073695							no					UT_GSPS	DRA005494		public	B5FA50F07FF7506CC4237F48BA478620	6B844935591628161EC3C2A8A3D8F581			TRUE	TRUE	TRUE	
ERX4581859	DRR084289	HG003 (NCTC8325 der.)	703888	703888_5	703888_0	PRJDB5480	1280	2019-01-18 13:27:39	2019-01-18 13:31:52	23084304	831034944	0	36	573		https://sra-downloadb.be-md.ncbi.nlm.nih.gov/sos5/sra-pub-zq-11/DRR000/084/DRR084289/DRR084289.sralite.1	31_pF-2-RNAseq	RNA-Seq	cDNA	TRANSCRIPTOMIC	SINGLE	0	0	ILLUMINA	Illumina HiSeq 2500	DRP004744			DRS086089	SAMD00073703	simple		Staphylococcus aureus	SAMD00073703							no					UT_GSPS	DRA005494		public	48596ACA39C1C992DB0099F290A9AEA4	DA112201135299D0BA6086FC626CE907			TRUE	TRUE	TRUE	
ERX4581852	DRR084282	HG003 (NCTC8325 der.)	703888	703888_6	703888_0	PRJDB5480	1280	2019-01-18 13:27:39	2019-01-18 13:35:51	17059303	614134908	0	36	432		https://sra-downloadb.be-md.ncbi.nlm.nih.gov/sos5/sra-pub-zq-11/DRR000/084/DRR084282/DRR084282.sralite.1	24_pND50-1-RNAseq	RNA-Seq	cDNA	TRANSCRIPTOMIC	SINGLE	0	0	ILLUMINA	Illumina HiSeq 2500	DRP004744			DRS086082	SAMD00073696	simple		Staphylococcus aureus	SAMD00073696							no					UT_GSPS	DRA005494		public	0AC45622D415A8DF88EEF859F51B0F91	A3E7EAEDBD20450910C955393E47FA99			TRUE	TRUE	TRUE	
ERX4581856	DRR084286	HG003 (NCTC8325 der.)	703888	703888_6	703888_0	PRJDB5480	1280	2019-01-18 13:27:39	2019-01-18 13:37:57	39708891	1429520076	0	36	1007		https://sra-downloadb.be-md.ncbi.nlm.nih.gov/sos5/sra-pub-zq-11/DRR000/084/DRR084286/DRR084286.sralite.1	28_plnt-2-RNAseq	RNA-Seq	cDNA	TRANSCRIPTOMIC	SINGLE	0	0	ILLUMINA	Illumina HiSeq 2500	DRP004744			DRS086086	SAMD00073700	simple		Staphylococcus aureus	SAMD00073700							no					UT_GSPS	DRA005494		public	259E24CA68D4456C7281EC019ACC6B06	9BC4E7FC4D78BBE6E9FD0E829F667741			TRUE	TRUE	TRUE	
ERX4581860	DRR084290	HG003 (NCTC8325 der.)	703888	703888_6	703888_0	PRJDB5480	1280	2019-01-18 13:27:39	2019-01-18 13:36:14	22554320	811955520	0	36	557		https://sra-downloadb.be-md.ncbi.nlm.nih.gov/sos5/sra-pub-zq-11/DRR000/084/DRR084290/DRR084290.sralite.1	32_pC1-2-RNAseq	RNA-Seq	cDNA	TRANSCRIPTOMIC	SINGLE	0	0	ILLUMINA	Illumina HiSeq 2500	DRP004744			DRS086090	SAMD00073704	simple		Staphylococcus aureus	SAMD00073704							no					UT_GSPS	DRA005494		public	D25CBA95DCBE68908EECA67F4114AA3D	8CAB79BBA5D68917EA1D97C2DA080892			TRUE	TRUE	TRUE	
ERX4581853	DRR084283	HG003 (NCTC8325 der.)	703888	703888_7	703888_0	PRJDB5480	1280	2019-01-18 13:27:39	2019-01-18 13:36:49	21911248	788804928	0	36	557		https://sra-downloadb.be-md.ncbi.nlm.nih.gov/sos5/sra-pub-zq-11/DRR000/084/DRR084283/DRR084283.sralite.1	25_pF-1-RNAseq	RNA-Seq	cDNA	TRANSCRIPTOMIC	SINGLE	0	0	ILLUMINA	Illumina HiSeq 2500	DRP004744			DRS086083	SAMD00073697	simple		Staphylococcus aureus	SAMD00073697							no					UT_GSPS	DRA005494		public	8FC76B977AA6A30E0CE586AE3855BBF0	CB3AD61A15E4A5CE93302026E1EE17B0			TRUE	TRUE	TRUE	
ERX4581857	DRR084287	HG003 (NCTC8325 der.)	703888	703888_7	703888_0	PRJDB5480	1280	2019-01-18 13:27:39	2019-01-18 13:36:38	21728079	782210844	0	36	551		https://sra-downloadb.be-md.ncbi.nlm.nih.gov/sos5/sra-pub-zq-11/DRR000/084/DRR084287/DRR084287.sralite.1	29_plntF-2-RNAseq	RNA-Seq	cDNA	TRANSCRIPTOMIC	SINGLE	0	0	ILLUMINA	Illumina HiSeq 2500	DRP004744			DRS086087	SAMD00073701	simple		Staphylococcus aureus	SAMD00073701							no					UT_GSPS	DRA005494		public	31E8968B6638A0CD53424B2F5B874789	212AB9EC6678E931EE3650D5C041BA73			TRUE	TRUE	TRUE	
ERX4581861	DRR084291	HG003 (NCTC8325 der.)	703888	703888_7	703888_0	PRJDB5480	1280	2019-01-18 13:27:39	2019-01-18 13:35:50	31895954	1148254344	0	36	787		https://sra-downloadb.be-md.ncbi.nlm.nih.gov/sos5/sra-pub-zq-11/DRR000/084/DRR084291/DRR084291.sralite.1	33_pM1-2-RNAseq	RNA-Seq	cDNA	TRANSCRIPTOMIC	SINGLE	0	0	ILLUMINA	Illumina HiSeq 2500	DRP004744			DRS086091	SAMD00073705	simple		Staphylococcus aureus	SAMD00073705							no					UT_GSPS	DRA005494		public	69F9068C4B3D0B0A957AC2CDFAE6A1B7	29F81331561D0243E0E9E98AA2C96DC3			TRUE	TRUE	TRUE	
ERX7722950	DRR084304	HG003 (NCTC8325 der.)	815579	815579_1	815579_0	PRJDB5480	1280	2019-01-18 13:27:39	2019-01-18 13:38:25	14501556	522056016	0	36	384		https://sra-downloadb.be-md.ncbi.nlm.nih.gov/sos5/sra-pub-zq-11/DRR000/084/DRR084304/DRR084304.sralite.1	46_SR-1-2-RNAseq	RNA-Seq	cDNA	TRANSCRIPTOMIC	SINGLE	0	0	ILLUMINA	Illumina HiSeq 2500	DRP004744			DRS086104	SAMD00073718	simple		Staphylococcus aureus	SAMD00073718							no					UT_GSPS	DRA005494		public	8F98F149C393DE68B2D3802845682753	27D88AF7C0EDC388DC20171CF6E853C7			TRUE	TRUE	TRUE	
ERX7722951	DRR084305	HG003 (NCTC8325 der.)	815579	815579_1	815579_0	PRJDB5480	1280	2019-01-18 13:27:39	2019-01-18 13:37:07	40826096	1469739456	0	36	1078		https://sra-downloadb.be-md.ncbi.nlm.nih.gov/sos5/sra-pub-zq-11/DRR000/084/DRR084305/DRR084305.sralite.1	47_SR-1D-2-RNAseq	RNA-Seq	cDNA	TRANSCRIPTOMIC	SINGLE	0	0	ILLUMINA	Illumina HiSeq 2500	DRP004744			DRS086105	SAMD00073719	simple		Staphylococcus aureus	SAMD00073719							no					UT_GSPS	DRA005494		public	BA20CBE9AF49A32EFA5F32F1AD655C8A	2081E2D986A8AD1B96E2D747D6A3D7A3			TRUE	TRUE	TRUE	
ERX7722952	DRR084306	HG003 (NCTC8325 der.)	815579	815579_1	815579_0	PRJDB5480	1280	2019-01-18 13:27:39	2019-01-18 13:37:51	15850262	570609432	0	36	422		https://sra-downloadb.be-md.ncbi.nlm.nih.gov/sos5/sra-pub-zq-11/DRR000/084/DRR084306/DRR084306.sralite.1	48_NI-13-3-RNAseq	RNA-Seq	cDNA	TRANSCRIPTOMIC	SINGLE	0	0	ILLUMINA	Illumina HiSeq 2500	DRP004744			DRS086106	SAMD00073720	simple		Staphylococcus aureus	SAMD00073720							no					UT_GSPS	DRA005494		public	3233CB68CC832289BD13A41771A8BACA	71039E06BC8A7A0458D5E561CD633C57			TRUE	TRUE	TRUE	
ERX7722953	DRR084307	HG003 (NCTC8325 der.)	815579	815579_0	815579_0	PRJDB5480	1280	2019-01-18 13:27:39	2019-01-18 13:36:05	21197392	763106112	0	36	564		https://sra-downloadb.be-md.ncbi.nlm.nih.gov/sos5/sra-pub-zq-11/DRR000/084/DRR084307/DRR084307.sralite.1	49_NI-13D-3-RNAseq	RNA-Seq	cDNA	TRANSCRIPTOMIC	SINGLE	0	0	ILLUMINA	Illumina HiSeq 2500	DRP004744			DRS086107	SAMD00073721	simple		Staphylococcus aureus	SAMD00073721							no					UT_GSPS	DRA005494		public	C52075C1703EC5E61008A8F2213AD9A6	E48CB38E75930DEF8C869FCDC8348178			TRUE	TRUE	TRUE	
ERX7722954	DRR084308	HG003 (NCTC8325 der.)	815579	815579_0	815579_0	PRJDB5480	1280	2019-01-18 13:27:39	2019-01-18 13:35:04	18542846	667542456	0	36	492		https://sra-downloadb.be-md.ncbi.nlm.nih.gov/sos5/sra-pub-zq-11/DRR000/084/DRR084308/DRR084308.sralite.1	50_SR-1-3-RNAseq	RNA-Seq	cDNA	TRANSCRIPTOMIC	SINGLE	0	0	ILLUMINA	Illumina HiSeq 2500	DRP004744			DRS086108	SAMD00073722	simple		Staphylococcus aureus	SAMD00073722							no					UT_GSPS	DRA005494		public	F5C097EF7997F9D904857C9BB84C9518	ACE834246ED1F934F7796DA5DE0F5756			TRUE	TRUE	TRUE	
ERX7722955	DRR084309	HG003 (NCTC8325 der.)	815579	815579_0	815579_0	PRJDB5480	1280	2019-01-18 13:27:39	2019-01-18 13:37:32	21764701	783529236	0	36	577		https://sra-downloadb.be-md.ncbi.nlm.nih.gov/sos5/sra-pub-zq-11/DRR000/084/DRR084309/DRR084309.sralite.1	51_SR-1D-3-RNAseq	RNA-Seq	cDNA	TRANSCRIPTOMIC	SINGLE	0	0	ILLUMINA	Illumina HiSeq 2500	DRP004744			DRS086109	SAMD00073723	simple		Staphylococcus aureus	SAMD00073723							no					UT_GSPS	DRA005494		public	84BF46AF9DCA533765271E96840C0A89	CE8B4361E663304776FAAE184728A190			TRUE	TRUE	TRUE	
SRX10828563	DRR213609	HG003 (NCTC8325 der.)	728655	728655_0	728655_0	PRJDB9388	1280	2020-03-04 16:51:26	2020-03-04 16:52:04	1237378	692767074	1237378	559	341		https://sra-downloadb.be-md.ncbi.nlm.nih.gov/sos5/sra-pub-zq-16/DRR000/213/DRR213609.sralite.1	Tanit/Watanabe	RNA-Seq	RANDOM	TRANSCRIPTOMIC	PAIRED	1000	0	ILLUMINA	Illumina MiSeq	DRP005884			DRS125403	SAMD00208007	simple		Staphylococcus aureus	SAMD00208007							no					JICHI_MED	DRA009727		public	D25511451AE1D1BEB50F5DAF83E9451D	76387848A92FAC4FC2F41881040EE4F3			TRUE	TRUE	TRUE	
SRX10828564	DRR225251	HG003 (NCTC8325 der.)	728655	728655_0	728655_0	PRJDB9767	1280	2020-05-11 5:38:08	2020-05-11 6:12:15	22964980	4638925960	22964980	202	1742		https://sra-downloadb.be-md.ncbi.nlm.nih.gov/sos3/sra-pub-zq-22/DRR000/225/DRR225251.sralite.1		RNA-Seq	RT-PCR	TRANSCRIPTOMIC	PAIRED	200	0	ILLUMINA	Illumina HiSeq 2500	DRP006081			DRS138491	SAMD00222793	simple		Staphylococcus aureus	SAMD00222793							no					JUNTENDO	DRA010120		public	CD5FCEC1B64C4D93FC5A86D2884BACA5	B0ACC360F9C1B941F2083A1E74CD67F9			TRUE	TRUE	TRUE	
SRX10828565	DRR225252	HG003 (NCTC8325 der.)	728655	728655_1	728655_0	PRJDB9767	1280	2020-05-11 5:38:08	2020-05-11 6:12:27	22897817	4625359034	22897817	202	1756		https://sra-downloadb.be-md.ncbi.nlm.nih.gov/sos3/sra-pub-zq-22/DRR000/225/DRR225252.sralite.1		RNA-Seq	RT-PCR	TRANSCRIPTOMIC	PAIRED	200	0	ILLUMINA	Illumina HiSeq 2500	DRP006081			DRS138492	SAMD00222794	simple		Staphylococcus aureus	SAMD00222794							no					JUNTENDO	DRA010120		public	717D1C47DD318EFFABFAB1E47413D42F	61EBAA60B3ABEFF814AE4186D62B5163			TRUE	TRUE	TRUE	
SRX10828566	DRR225253	HG003 (NCTC8325 der.)	728655	728655_1	728655_0	PRJDB9767	1280	2020-05-11 5:38:08	2020-05-11 6:16:17	22837810	4613237620	22837810	202	1688		https://sra-downloadb.be-md.ncbi.nlm.nih.gov/sos3/sra-pub-zq-22/DRR000/225/DRR225253.sralite.1		RNA-Seq	RT-PCR	TRANSCRIPTOMIC	PAIRED	200	0	ILLUMINA	Illumina HiSeq 2500	DRP006081			DRS138493	SAMD00222795	simple		Staphylococcus aureus	SAMD00222795							no					JUNTENDO	DRA010120		public	053B9017B74B6B385F7E5FA599F2F0E5	C997A454D53CD098A09C5831197A6B83			TRUE	TRUE	TRUE	
SRX13376825	DRR311222	SH1000	787900	787900_0	787900_0	PRJDB12070	1280	2022-07-01 14:24:42	2022-07-01 14:30:54	8452651	2535795300	8452651	300	919		https://sra-downloadb.be-md.ncbi.nlm.nih.gov/sos2/sra-pub-zq-20/DRR000/311/DRR311222/DRR311222.lite.1		RNA-Seq	RANDOM PCR	TRANSCRIPTOMIC	PAIRED	150	0	ILLUMINA	Illumina HiSeq 2000	DRP008712			DRS244720	SAMD00394443	simple		Staphylococcus aureus	SAMD00394443							no					JIKEI	DRA012491		public	3B128E3092EB1B23091CCD61B402E5D5	27BF69BE858F0599293E750AABAE558A			TRUE	TRUE	TRUE	
SRX13376826	DRR311223	SH1000	787900	787900_0	787900_0	PRJDB12070	1280	2022-07-01 14:24:42	2022-07-01 14:30:53	7125217	2137565100	7125217	300	769		https://sra-downloadb.be-md.ncbi.nlm.nih.gov/sos2/sra-pub-zq-20/DRR000/311/DRR311223/DRR311223.lite.1		RNA-Seq	RANDOM PCR	TRANSCRIPTOMIC	PAIRED	150	0	ILLUMINA	Illumina HiSeq 2000	DRP008712			DRS244721	SAMD00394444	simple		Staphylococcus aureus	SAMD00394444							no					JIKEI	DRA012491		public	979D74B498AF289B77F255A0EEB60472	B7519A2B36D6FF9F1BFCBE0420052A6E			TRUE	TRUE	TRUE	
SRX13376836	DRR421222	SH1000	787900	787900_1	787900_0	PRJDB14838	561307	2022-11-28 12:55:04	2022-11-28 13:05:07	51605195	1857787020	0	36	625		https://sra-downloadb.be-md.ncbi.nlm.nih.gov/sos2/sra-pub-zq-18/DRR000/421/DRR421222/DRR421222.lite.1		RNA-Seq	cDNA	TRANSCRIPTOMIC	SINGLE	0	0	ILLUMINA	Illumina HiSeq 3000	DRP009283			DRS266426	SAMD00561231	simple		Staphylococcus aureus subsp. aureus RN4220	SAMD00561231							no					OKA_MDPS	DRA015222		public	D0A47D27C3AEDFAD18A5C6E792331615	3E877B17C058BB0B5384593EE6294D65			TRUE	TRUE	TRUE	
SRX13376837	DRR421223	SH1000	787900	787900_2	787900_0	PRJDB14838	561307	2022-11-28 12:55:04	2022-11-28 13:05:03	34161995	1229831820	0	36	422		https://sra-downloadb.be-md.ncbi.nlm.nih.gov/sos2/sra-pub-zq-18/DRR000/421/DRR421223/DRR421223.lite.1		RNA-Seq	cDNA	TRANSCRIPTOMIC	SINGLE	0	0	ILLUMINA	Illumina HiSeq 3000	DRP009283			DRS266427	SAMD00561232	simple		Staphylococcus aureus subsp. aureus RN4220	SAMD00561232							no					OKA_MDPS	DRA015222		public	ED111A71FAAE0C046768A3DFF2A99512	DF90E13A241B1CF0BC862C04F50CFF85			TRUE	TRUE	TRUE	
SRX13376838	DRR421224	SH1000	787900	787900_2	787900_0	PRJDB14838	561307	2022-11-28 12:55:04	2022-11-28 13:05:06	50617722	1822237992	0	36	639		https://sra-downloadb.be-md.ncbi.nlm.nih.gov/sos2/sra-pub-zq-18/DRR000/421/DRR421224/DRR421224.lite.1		RNA-Seq	cDNA	TRANSCRIPTOMIC	SINGLE	0	0	ILLUMINA	Illumina HiSeq 3000	DRP009283			DRS266428	SAMD00561233	simple		Staphylococcus aureus subsp. aureus RN4220	SAMD00561233							no					OKA_MDPS	DRA015222		public	DC746BBF3469616E3ABDA43C2D6331EC	010DAD2EBAF52890EB8672E2F3E4FAB1			TRUE	TRUE	TRUE	
SRX13376839	DRR421225	SH1000	787900	787900_2	787900_0	PRJDB14838	1280	2022-11-28 12:55:04	2022-11-28 13:05:12	35457909	1276484724	0	36	429		https://sra-downloadb.be-md.ncbi.nlm.nih.gov/sos2/sra-pub-zq-18/DRR000/421/DRR421225/DRR421225.lite.1		RNA-Seq	cDNA	TRANSCRIPTOMIC	SINGLE	0	0	ILLUMINA	Illumina HiSeq 3000	DRP009283			DRS266429	SAMD00561234	simple		Staphylococcus aureus	SAMD00561234							no					OKA_MDPS	DRA015222		public	47C59FDBEC7418499C6424A0BEA47AFF	95D86DC353F927ED47D02A684BB45495			TRUE	TRUE	TRUE	
SRX13376840	DRR421226	SH1000	787900	787900_3	787900_0	PRJDB14838	1280	2022-11-28 12:55:04	2022-11-28 13:04:54	46607662	1677875832	0	36	573		https://sra-downloadb.be-md.ncbi.nlm.nih.gov/sos2/sra-pub-zq-18/DRR000/421/DRR421226/DRR421226.lite.1		RNA-Seq	cDNA	TRANSCRIPTOMIC	SINGLE	0	0	ILLUMINA	Illumina HiSeq 3000	DRP009283			DRS266430	SAMD00561235	simple		Staphylococcus aureus	SAMD00561235							no					OKA_MDPS	DRA015222		public	6A329161DB44A5050CA2E813D9BDAC24	7B6A770AEA3641FA1AF917931705F462			TRUE	TRUE	TRUE	
SRX13376841	DRR421227	SH1000	787900	787900_3	787900_0	PRJDB14838	1280	2022-11-28 12:55:04	2022-11-28 13:05:16	43903230	1580516280	0	36	557		https://sra-downloadb.be-md.ncbi.nlm.nih.gov/sos2/sra-pub-zq-18/DRR000/421/DRR421227/DRR421227.lite.1		RNA-Seq	cDNA	TRANSCRIPTOMIC	SINGLE	0	0	ILLUMINA	Illumina HiSeq 3000	DRP009283			DRS266431	SAMD00561236	simple		Staphylococcus aureus	SAMD00561236							no					OKA_MDPS	DRA015222		public	CDFA00BE32BF17B6A2958CD67CF9938C	0049C8C203E1CD1D7EFCB0DB71139EE9			TRUE	TRUE	TRUE	
SRX13376842	ERR989621	SH1000	787900	787900_3	787900_0	PRJEB10545	158878	2017-08-26 9:19:15	2021-10-31 13:47:17	24138333	1206916650	0	50	461		https://sra-downloadb.be-md.ncbi.nlm.nih.gov/sos2/sra-pub-zq-20/ERR000/989/ERR989621/ERR989621.lite.2	Sample 1	RNA-Seq	cDNA	TRANSCRIPTOMIC	SINGLE	0	0	ILLUMINA	Illumina HiSeq 2000	ERP011807			ERS822208	SAMEA3515059	simple		Staphylococcus aureus subsp. aureus Mu50	SAMEA104492817							no					Laboratory of Pharmaceutical Microbiology, Faculty of Pharmaceutical Sciences, Ghent University, Ghent, Belgium.	ERA472760		public	E517824843A025EF57A04B270E4450E6	68BC3421407F889A914878F778FC94E9			TRUE	TRUE	TRUE	
SRX13376843	ERR989622	SH1000	787900	787900_4	787900_0	PRJEB10545	158878	2017-08-26 9:19:15	2021-10-31 13:49:55	23464005	1173200250	0	50	450		https://sra-downloadb.be-md.ncbi.nlm.nih.gov/sos2/sra-pub-zq-20/ERR000/989/ERR989622/ERR989622.lite.2	Sample 10	RNA-Seq	cDNA	TRANSCRIPTOMIC	SINGLE	0	0	ILLUMINA	Illumina HiSeq 2000	ERP011807			ERS822209	SAMEA3515060	simple		Staphylococcus aureus subsp. aureus Mu50	SAMEA104492815							no					Laboratory of Pharmaceutical Microbiology, Faculty of Pharmaceutical Sciences, Ghent University, Ghent, Belgium.	ERA472760		public	1A9BC7D89F8BECA5199DC86B2A3E3F9D	13A1FCBE56E8BE7DCA2A75E885EC61E4			TRUE	TRUE	TRUE	
SRX13376844	ERR989623	SH1000	787900	787900_4	787900_0	PRJEB10545	158878	2017-08-26 9:19:15	2021-10-31 13:51:00	24576732	1228836600	0	50	471		https://sra-downloadb.be-md.ncbi.nlm.nih.gov/sos2/sra-pub-zq-20/ERR000/989/ERR989623/ERR989623.lite.2	Sample 11	RNA-Seq	cDNA	TRANSCRIPTOMIC	SINGLE	0	0	ILLUMINA	Illumina HiSeq 2000	ERP011807			ERS822210	SAMEA3515061	simple		Staphylococcus aureus subsp. aureus Mu50	SAMEA104492813							no					Laboratory of Pharmaceutical Microbiology, Faculty of Pharmaceutical Sciences, Ghent University, Ghent, Belgium.	ERA472760		public	9F266DBE900F630F57FCB8AEDD1DC204	3FA96AC73E46CD2A4E156D73347D75E4			TRUE	TRUE	TRUE	
SRX13376845	ERR989624	SH1000	787900	787900_4	787900_0	PRJEB10545	158878	2017-08-26 9:19:15	2021-10-31 13:44:24	22769687	1138484350	0	50	433		https://sra-downloadb.be-md.ncbi.nlm.nih.gov/sos2/sra-pub-zq-20/ERR000/989/ERR989624/ERR989624.lite.2	Sample 12	RNA-Seq	cDNA	TRANSCRIPTOMIC	SINGLE	0	0	ILLUMINA	Illumina HiSeq 2000	ERP011807			ERS822211	SAMEA3515062	simple		Staphylococcus aureus subsp. aureus Mu50	SAMEA104492820							no					Laboratory of Pharmaceutical Microbiology, Faculty of Pharmaceutical Sciences, Ghent University, Ghent, Belgium.	ERA472760		public	4697B94494BE3231DC30B7F78DE6DBB3	36B2D17E06A8CC398FE723DE55B177A2			TRUE	TRUE	TRUE	
SRX17833718	ERR2242411	SH1000	888360	888360_0	888360_0	PRJEB24365	426430	2018-07-03 16:28:18	2022-07-30 18:58:04	11203295	2788053752	11203295	248	1115		https://sra-downloadb.be-md.ncbi.nlm.nih.gov/sos3/sra-pub-zq-24/ERR002/2242/ERR2242411/ERR2242411.lite.2	Nwmn_con_3_p	RNA-Seq	RT-PCR	TRANSCRIPTOMIC	PAIRED	116	18	ILLUMINA	Illumina HiSeq 2500	ERP106183			ERS2085503	SAMEA104467561	simple		Staphylococcus aureus subsp. aureus str. Newman	SAMEA104467561							no					CGR University of Liverpool	ERA1179267		public	8FDAB458168BFC440F90A95BB9C25ED4	6AA38EEA0D6BE1B678B03C1E1D28DAAF			TRUE	TRUE	TRUE	
SRX17833719	ERR2242412	SH1000	888360	888360_1	888360_0	PRJEB24365	426430	2018-07-03 16:28:18	2022-07-19 1:39:52	11448873	2846147621	11448873	248	1128		https://sra-downloadb.be-md.ncbi.nlm.nih.gov/sos3/sra-pub-zq-24/ERR002/2242/ERR2242412/ERR2242412.lite.2	Nwmn_squ_1_p	RNA-Seq	RT-PCR	TRANSCRIPTOMIC	PAIRED	110	21	ILLUMINA	Illumina HiSeq 2500	ERP106183			ERS2085504	SAMEA104467562	simple		Staphylococcus aureus subsp. aureus str. Newman	SAMEA104467562							no					CGR University of Liverpool	ERA1179267		public	F03E6D5EC93F95BDC2BC3ACE22A3EF21	A733F31E70F189E72FE19DB0EFB843A3			TRUE	TRUE	TRUE	
SRX2656779	ERR2242413	HG001	379804	379804_1	379804_0	PRJEB24365	426430	2018-07-03 16:28:18	2022-07-30 5:52:54	10668766	2657031773	10668766	249	1065		https://sra-downloadb.be-md.ncbi.nlm.nih.gov/sos3/sra-pub-zq-24/ERR002/2242/ERR2242413/ERR2242413.lite.2	Nwmn_squ_2_p	RNA-Seq	RT-PCR	TRANSCRIPTOMIC	PAIRED	113	21	ILLUMINA	Illumina HiSeq 2500	ERP106183			ERS2085505	SAMEA104467563	simple		Staphylococcus aureus subsp. aureus str. Newman	SAMEA104467563							no					CGR University of Liverpool	ERA1179267		public	8CEBB40B3540D41ED0B04E20B9636604	DED676E68178934E34694783B8063C25			TRUE	TRUE	TRUE	
SRX2656780	ERR2242414	HG001	379804	379804_1	379804_0	PRJEB24365	426430	2018-07-03 16:28:18	2021-10-17 17:56:42	12943640	3226696532	12943640	249	1314		https://sra-downloadb.be-md.ncbi.nlm.nih.gov/sos2/sra-pub-zq-20/ERR002/2242/ERR2242414/ERR2242414.lite.2	Nwmn_squ_3_p	RNA-Seq	RT-PCR	TRANSCRIPTOMIC	PAIRED	115	18	ILLUMINA	Illumina HiSeq 2500	ERP106183			ERS2085506	SAMEA104467564	simple		Staphylococcus aureus subsp. aureus str. Newman	SAMEA104467564							no					CGR University of Liverpool	ERA1179267		public	B0914534A969775A5E64F7ADE795FE20	408B9561DDBAE63526F669515D139552			TRUE	TRUE	TRUE	
SRX2656781	ERR2677724	HG001	379804	379804_0	379804_0	PRJEB27527	1280	2018-07-15 8:21:41	2018-07-19 10:01:57	10904579	811576108	0	74	337		https://sra-downloadb.be-md.ncbi.nlm.nih.gov/sos3/sra-pub-zq-22/ERR002/677/ERR2677724.sralite.1	unspecified	RNA-Seq	unspecified	TRANSCRIPTOMIC	SINGLE	0	0	ILLUMINA	NextSeq 500	ERP109616			ERS2593060	SAMEA4773106	simple		Staphylococcus aureus	SAMEA4773106							no					INSTITUTE OF INFECTION, IMMUNITY AND INFLAMMATION	ERA1533289		public	45EE8421136019D269E6B8A69B9FFA12	24B098F5E244596E0B5195791F6891FF			TRUE	TRUE	TRUE	
SRX2656782	ERR2677725	HG001	379804	379804_0	379804_0	PRJEB27527	1280	2018-07-15 8:21:41	2018-07-19 10:02:15	11968685	891065099	0	74	368		https://sra-downloadb.be-md.ncbi.nlm.nih.gov/sos3/sra-pub-zq-22/ERR002/677/ERR2677725.sralite.1	unspecified	RNA-Seq	unspecified	TRANSCRIPTOMIC	SINGLE	0	0	ILLUMINA	NextSeq 500	ERP109616			ERS2593061	SAMEA4773107	simple		Staphylococcus aureus	SAMEA4773107							no					INSTITUTE OF INFECTION, IMMUNITY AND INFLAMMATION	ERA1533289		public	5003D09A55B2C5604EB8BAA2A45116BF	D86CB0E997DC4918BA04A956F998B120			TRUE	TRUE	TRUE	
SRX2656783	ERR2677726	HG001	379804	379804_2	379804_0	PRJEB27527	1280	2018-07-15 8:21:41	2018-07-19 10:02:40	11983752	892096998	0	74	371		https://sra-downloadb.be-md.ncbi.nlm.nih.gov/sos3/sra-pub-zq-22/ERR002/677/ERR2677726.sralite.1	unspecified	RNA-Seq	unspecified	TRANSCRIPTOMIC	SINGLE	0	0	ILLUMINA	NextSeq 500	ERP109616			ERS2593062	SAMEA4773108	simple		Staphylococcus aureus	SAMEA4773108							no					INSTITUTE OF INFECTION, IMMUNITY AND INFLAMMATION	ERA1533289		public	A28CA86EB99EA55CA7C164D6C3869231	5BD966C03B030295527FEADFB724DD26			TRUE	TRUE	TRUE	
SRX2656784	ERR2677727	HG001	379804	379804_2	379804_0	PRJEB27527	1280	2018-07-15 8:21:41	2018-07-19 10:03:17	12711887	946604642	0	74	392		https://sra-downloadb.be-md.ncbi.nlm.nih.gov/sos5/sra-pub-zq-16/ERR002/677/ERR2677727.sralite.1	unspecified	RNA-Seq	unspecified	TRANSCRIPTOMIC	SINGLE	0	0	ILLUMINA	NextSeq 500	ERP109616			ERS2593063	SAMEA4773109	simple		Staphylococcus aureus	SAMEA4773109							no					INSTITUTE OF INFECTION, IMMUNITY AND INFLAMMATION	ERA1533289		public	D51EE0AD5E8CED223CA283BC9BF4A934	2879B68064882E10CD5F8544CB27E754			TRUE	TRUE	TRUE	
SRX322986	ERR2677728	RN4220	212142	212142_0	212142_0	PRJEB27527	1280	2018-07-15 8:21:41	2018-07-19 10:03:22	12088253	899401509	0	74	373		https://sra-downloadb.be-md.ncbi.nlm.nih.gov/sos3/sra-pub-zq-22/ERR002/677/ERR2677728.sralite.1	unspecified	RNA-Seq	unspecified	TRANSCRIPTOMIC	SINGLE	0	0	ILLUMINA	NextSeq 500	ERP109616			ERS2593064	SAMEA4773110	simple		Staphylococcus aureus	SAMEA4773110							no					INSTITUTE OF INFECTION, IMMUNITY AND INFLAMMATION	ERA1533289		public	832983F3BCD305A3891AB7B3DA0AB6C0	0ED0502E12327249E733573098F5E2B3			TRUE	TRUE	TRUE	
SRX322987	ERR2677729	RN4220	212142	212142_1	212142_0	PRJEB27527	1280	2018-07-15 8:21:41	2018-07-19 10:04:07	11592863	863873544	0	74	358		https://sra-downloadb.be-md.ncbi.nlm.nih.gov/sos3/sra-pub-zq-22/ERR002/677/ERR2677729.sralite.1	unspecified	RNA-Seq	unspecified	TRANSCRIPTOMIC	SINGLE	0	0	ILLUMINA	NextSeq 500	ERP109616			ERS2593065	SAMEA4773111	simple		Staphylococcus aureus	SAMEA4773111							no					INSTITUTE OF INFECTION, IMMUNITY AND INFLAMMATION	ERA1533289		public	1823FE5DB6B1BCCD1CA766F5C7C9DAFF	1F8073DBCD6C7884DAFEF3FD25355B9A			TRUE	TRUE	TRUE	
SRX322988	ERR2677730	RN4220	212142	212142_0	212142_0	PRJEB27527	1280	2018-07-15 8:21:41	2018-07-19 10:04:23	11339715	843240913	0	74	350		https://sra-downloadb.be-md.ncbi.nlm.nih.gov/sos5/sra-pub-zq-16/ERR002/677/ERR2677730.sralite.1	unspecified	RNA-Seq	unspecified	TRANSCRIPTOMIC	SINGLE	0	0	ILLUMINA	NextSeq 500	ERP109616			ERS2593066	SAMEA4773112	simple		Staphylococcus aureus	SAMEA4773112							no					INSTITUTE OF INFECTION, IMMUNITY AND INFLAMMATION	ERA1533289		public	18CF1DB3DDBA1493624ED957E7193D04	59EFAAF98BC22221E3FCD765B58D9BDD			TRUE	TRUE	TRUE	
SRX3343295	ERR2677732	HG003	416319	416319_01	416319_00	PRJEB27527	1280	2018-07-15 8:21:41	2018-07-19 10:05:00	11588043	862812632	0	74	360		https://sra-downloadb.be-md.ncbi.nlm.nih.gov/sos5/sra-pub-zq-16/ERR002/677/ERR2677732.sralite.1	unspecified	RNA-Seq	unspecified	TRANSCRIPTOMIC	SINGLE	0	0	ILLUMINA	NextSeq 500	ERP109616			ERS2593068	SAMEA4773114	simple		Staphylococcus aureus	SAMEA4773114							no					INSTITUTE OF INFECTION, IMMUNITY AND INFLAMMATION	ERA1533289		public	C4D93E1F6F52215366F7FB5CEADF81DE	962604600279B6EA350B79C1F61F0DA4			TRUE	TRUE	TRUE	
SRX3343296	ERR2677733	HG003	416319	416319_00	416319_00	PRJEB27527	1280	2018-07-15 8:21:41	2018-07-19 10:05:06	11107514	827202580	0	74	341		https://sra-downloadb.be-md.ncbi.nlm.nih.gov/sos3/sra-pub-zq-22/ERR002/677/ERR2677733.sralite.1	unspecified	RNA-Seq	unspecified	TRANSCRIPTOMIC	SINGLE	0	0	ILLUMINA	NextSeq 500	ERP109616			ERS2593069	SAMEA4773115	simple		Staphylococcus aureus	SAMEA4773115							no					INSTITUTE OF INFECTION, IMMUNITY AND INFLAMMATION	ERA1533289		public	A632DF69D29FC8D99A4069A605610210	A725782A04FB617EB792BCFB592DE37F			TRUE	TRUE	TRUE	
SRX3343297	ERR2677734	HG003	416319	416319_00	416319_00	PRJEB27527	1280	2018-07-15 8:21:41	2018-07-19 10:05:10	12154113	904995000	0	74	374		https://sra-downloadb.be-md.ncbi.nlm.nih.gov/sos3/sra-pub-zq-22/ERR002/677/ERR2677734.sralite.1	unspecified	RNA-Seq	unspecified	TRANSCRIPTOMIC	SINGLE	0	0	ILLUMINA	NextSeq 500	ERP109616			ERS2593070	SAMEA4773116	simple		Staphylococcus aureus	SAMEA4773116							no					INSTITUTE OF INFECTION, IMMUNITY AND INFLAMMATION	ERA1533289		public	93C5DD520BE1A1DD4AB8AFB9799F6197	AD3E05027315FC30595CE1C36A736D38			TRUE	TRUE	TRUE	
SRX3343298	ERR2677735	HG003	416319	416319_00	416319_00	PRJEB27527	1280	2018-07-15 8:21:41	2018-07-19 10:05:37	7800978	580507998	0	74	240		https://sra-downloadb.be-md.ncbi.nlm.nih.gov/sos3/sra-pub-zq-22/ERR002/677/ERR2677735.sralite.1	unspecified	RNA-Seq	unspecified	TRANSCRIPTOMIC	SINGLE	0	0	ILLUMINA	NextSeq 500	ERP109616			ERS2593071	SAMEA4773117	simple		Staphylococcus aureus	SAMEA4773117							no					INSTITUTE OF INFECTION, IMMUNITY AND INFLAMMATION	ERA1533289		public	2822F689EED7513C29A4467E3619000F	C47DB11AD09E095BD3C394A61930D62D			TRUE	TRUE	TRUE	
SRX3353470	ERR2677736	HG003	416921	416319_0	416319_0	PRJEB27527	1280	2018-07-15 8:21:41	2018-07-19 10:06:03	11348156	844573870	0	74	348		https://sra-downloadb.be-md.ncbi.nlm.nih.gov/sos3/sra-pub-zq-22/ERR002/677/ERR2677736.sralite.1	unspecified	RNA-Seq	unspecified	TRANSCRIPTOMIC	SINGLE	0	0	ILLUMINA	NextSeq 500	ERP109616			ERS2593072	SAMEA4773118	simple		Staphylococcus aureus	SAMEA4773118							no					INSTITUTE OF INFECTION, IMMUNITY AND INFLAMMATION	ERA1533289		public	EAE1309E6F9D2F17A8AB4C106F4F87AA	7CEFF5AED5655FB8260494E9C22EBFAF			TRUE	TRUE	TRUE	
SRX3353471	ERR2677737	HG003	416921	416319_0	416319_0	PRJEB27527	1280	2018-07-15 8:21:41	2018-07-19 10:06:05	12742699	948025014	0	74	392		https://sra-downloadb.be-md.ncbi.nlm.nih.gov/sos3/sra-pub-zq-22/ERR002/677/ERR2677737.sralite.1	unspecified	RNA-Seq	unspecified	TRANSCRIPTOMIC	SINGLE	0	0	ILLUMINA	NextSeq 500	ERP109616			ERS2593073	SAMEA4773119	simple		Staphylococcus aureus	SAMEA4773119							no					INSTITUTE OF INFECTION, IMMUNITY AND INFLAMMATION	ERA1533289		public	70E19AE106FA416A5A4CA54C4AAAEDE5	3DB4643766E415D17ADB3271A5E84B45			TRUE	TRUE	TRUE	
SRX3353472	ERR2677738	HG003	416921	416319_1	416319_0	PRJEB27527	1280	2018-07-15 8:21:41	2018-07-19 10:06:28	11139511	829274263	0	74	343		https://sra-downloadb.be-md.ncbi.nlm.nih.gov/sos3/sra-pub-zq-22/ERR002/677/ERR2677738.sralite.1	unspecified	RNA-Seq	unspecified	TRANSCRIPTOMIC	SINGLE	0	0	ILLUMINA	NextSeq 500	ERP109616			ERS2593074	SAMEA4773120	simple		Staphylococcus aureus	SAMEA4773120							no					INSTITUTE OF INFECTION, IMMUNITY AND INFLAMMATION	ERA1533289		public	183344AC7F7F5B559642855E2C8DFE18	6AC0E9882874F556F1D62061DDEA7939			TRUE	TRUE	TRUE	
SRX3353473	ERR2677739	HG003	416921	416319_1	416319_0	PRJEB27527	1280	2018-07-15 8:21:42	2018-07-19 10:07:12	12284584	914678294	0	74	379		https://sra-downloadb.be-md.ncbi.nlm.nih.gov/sos3/sra-pub-zq-22/ERR002/677/ERR2677739.sralite.1	unspecified	RNA-Seq	unspecified	TRANSCRIPTOMIC	SINGLE	0	0	ILLUMINA	NextSeq 500	ERP109616			ERS2593075	SAMEA4773121	simple		Staphylococcus aureus	SAMEA4773121							no					INSTITUTE OF INFECTION, IMMUNITY AND INFLAMMATION	ERA1533289		public	322E8231846A177683C9EB30E3AD8B54	2235ABEBBFC5CA88EAEFD4D562DF34B0			TRUE	TRUE	TRUE	
SRX3353474	ERR2677740	HG003	416921	416319_2	416319_0	PRJEB27527	1280	2018-07-15 8:21:42	2018-07-19 10:07:08	12517573	930697831	0	74	384		https://sra-downloadb.be-md.ncbi.nlm.nih.gov/sos3/sra-pub-zq-22/ERR002/677/ERR2677740.sralite.1	unspecified	RNA-Seq	unspecified	TRANSCRIPTOMIC	SINGLE	0	0	ILLUMINA	NextSeq 500	ERP109616			ERS2593076	SAMEA4773122	simple		Staphylococcus aureus	SAMEA4773122							no					INSTITUTE OF INFECTION, IMMUNITY AND INFLAMMATION	ERA1533289		public	D327C1F0F205AEEA4B0B8D0C8DDAE7B7	1492AAD2D7DBF5CD1E4C20A2F9B055C3			TRUE	TRUE	TRUE	
SRX3353475	ERR2677741	HG003	416921	416319_2	416319_0	PRJEB27527	1280	2018-07-15 8:21:42	2018-07-19 10:07:25	12120427	902813543	0	74	375		https://sra-downloadb.be-md.ncbi.nlm.nih.gov/sos3/sra-pub-zq-22/ERR002/677/ERR2677741.sralite.1	unspecified	RNA-Seq	unspecified	TRANSCRIPTOMIC	SINGLE	0	0	ILLUMINA	NextSeq 500	ERP109616			ERS2593077	SAMEA4773123	simple		Staphylococcus aureus	SAMEA4773123							no					INSTITUTE OF INFECTION, IMMUNITY AND INFLAMMATION	ERA1533289		public	48C4E8E3A9F6D165B97AC2F2C405E0D3	584FADAB67B929EEFF4FA7FD88FF0CBE			TRUE	TRUE	TRUE	
SRX3353476	ERR2677742	HG003	416921	416319_2	416319_0	PRJEB27527	1280	2018-07-15 8:21:42	2018-07-19 10:08:00	11680449	870249668	0	74	359		https://sra-downloadb.be-md.ncbi.nlm.nih.gov/sos3/sra-pub-zq-22/ERR002/677/ERR2677742.sralite.1	unspecified	RNA-Seq	unspecified	TRANSCRIPTOMIC	SINGLE	0	0	ILLUMINA	NextSeq 500	ERP109616			ERS2593078	SAMEA4773124	simple		Staphylococcus aureus	SAMEA4773124							no					INSTITUTE OF INFECTION, IMMUNITY AND INFLAMMATION	ERA1533289		public	7E44A5BA52F6C4A4A31C66B7F92929F5	EAE5D9747730D232B888904F6FFFD5B1			TRUE	TRUE	TRUE	
SRX3353477	ERR2677743	HG003	416921	416319_3	416319_0	PRJEB27527	1280	2018-07-15 8:21:42	2018-07-19 10:08:07	13333922	974645007	0	73	404		https://sra-downloadb.be-md.ncbi.nlm.nih.gov/sos3/sra-pub-zq-22/ERR002/677/ERR2677743.sralite.1	unspecified	RNA-Seq	unspecified	TRANSCRIPTOMIC	SINGLE	0	0	ILLUMINA	NextSeq 500	ERP109616			ERS2593079	SAMEA4773125	simple		Staphylococcus aureus	SAMEA4773125							no					INSTITUTE OF INFECTION, IMMUNITY AND INFLAMMATION	ERA1533289		public	7D9385E663E8C102569592CAB77821D9	6D28FF78C315600057A8379E80AF1EAA			TRUE	TRUE	TRUE	
SRX4965408	ERR2820060	HG001	503390	503390_0	503390_0	PRJEB28806	1280	2019-10-02 7:39:02	2019-10-04 21:58:24	39297383	1964869150	0	50	691		https://sra-downloadb.be-md.ncbi.nlm.nih.gov/sos5/sra-pub-zq-16/ERR002/820/ERR2820060.sralite.1	unspecified	RNA-Seq	RANDOM	TRANSCRIPTOMIC	SINGLE	0	0	ILLUMINA	Illumina HiSeq 2500	ERP111062			ERS2768244	SAMEA4949563	simple		Staphylococcus aureus	SAMEA4949563							no					HUG	ERA1614566		public	D0B15302A329FB4196B40AEFD14F853D	08CD6B535ADB6D78973C40895D1665F5			TRUE	TRUE	TRUE	
SRX4965409	ERR2820061	HG001	503390	503390_1	503390_0	PRJEB28806	1280	2019-10-02 7:39:02	2019-10-04 21:58:47	45579890	2278994500	0	50	792		https://sra-downloadb.be-md.ncbi.nlm.nih.gov/sos5/sra-pub-zq-16/ERR002/820/ERR2820061.sralite.1	unspecified	RNA-Seq	RANDOM	TRANSCRIPTOMIC	SINGLE	0	0	ILLUMINA	Illumina HiSeq 2500	ERP111062			ERS2768245	SAMEA4949564	simple		Staphylococcus aureus	SAMEA4949564							no					HUG	ERA1614566		public	9E21ED80A4B7B3A56A1B1B3836A934F4	D9DAAB6FE3AC113AF12D606423552D21			TRUE	TRUE	TRUE	
SRX4965411	ERR2820062	HG001	503390	503390_1	503390_0	PRJEB28806	1280	2019-10-02 7:39:02	2019-10-04 22:00:23	42044812	2102240600	0	50	731		https://sra-downloadb.be-md.ncbi.nlm.nih.gov/sos3/sra-pub-zq-22/ERR002/820/ERR2820062.sralite.1	unspecified	RNA-Seq	RANDOM	TRANSCRIPTOMIC	SINGLE	0	0	ILLUMINA	Illumina HiSeq 2500	ERP111062			ERS2768246	SAMEA4949565	simple		Staphylococcus aureus	SAMEA4949565							no					HUG	ERA1614566		public	79ED55ABA4120B6B590A4A9D99B9D737	C76B009FE21920D775F42371B1F2820E			TRUE	TRUE	TRUE	
SRX4965412	ERR2820063	HG001	503390	503390_1	503390_0	PRJEB28806	1280	2019-10-02 7:39:02	2019-10-04 21:59:32	45743051	2287152550	0	50	798		https://sra-downloadb.be-md.ncbi.nlm.nih.gov/sos3/sra-pub-zq-22/ERR002/820/ERR2820063.sralite.1	unspecified	RNA-Seq	RANDOM	TRANSCRIPTOMIC	SINGLE	0	0	ILLUMINA	Illumina HiSeq 2500	ERP111062			ERS2768247	SAMEA4949566	simple		Staphylococcus aureus	SAMEA4949566							no					HUG	ERA1614566		public	3517E486D19A2B2CB636C8C4502646A4	21DBF4A025FADB12967F17B9DA560CAA			TRUE	TRUE	TRUE	
SRX5029493	ERR2820064	RN4220 (derivative of NCTC8325)	506073	506073_0	506073_0	PRJEB28806	1280	2019-10-02 7:39:02	2019-10-04 22:01:40	41481840	2074092000	0	50	725		https://sra-downloadb.be-md.ncbi.nlm.nih.gov/sos3/sra-pub-zq-22/ERR002/820/ERR2820064.sralite.1	unspecified	RNA-Seq	RANDOM	TRANSCRIPTOMIC	SINGLE	0	0	ILLUMINA	Illumina HiSeq 2500	ERP111062			ERS2768248	SAMEA4949567	simple		Staphylococcus aureus	SAMEA4949567							no					HUG	ERA1614566		public	12F0740857C3D0E93376357A98E58F9D	7C3D28D3BBCE0814BB62E90D277B488F			TRUE	TRUE	TRUE	
SRX5029494	ERR2820065	RN4220	506073	506073_0	506073_0	PRJEB28806	1280	2019-10-02 7:39:02	2019-10-04 22:02:26	44236816	2211840800	0	50	773		https://sra-downloadb.be-md.ncbi.nlm.nih.gov/sos5/sra-pub-zq-16/ERR002/820/ERR2820065.sralite.1	unspecified	RNA-Seq	RANDOM	TRANSCRIPTOMIC	SINGLE	0	0	ILLUMINA	Illumina HiSeq 2500	ERP111062			ERS2768249	SAMEA4949568	simple		Staphylococcus aureus	SAMEA4949568							no					HUG	ERA1614566		public	C35C76E21CBBDC9CCA4A10DF021EDAFE	24D67650580A38E002662A4C06153209			TRUE	TRUE	TRUE	
SRX5029495	ERR2820066	RN4220	506073	506073_1	506073_0	PRJEB28806	1280	2019-10-02 7:39:02	2019-10-04 22:02:34	40998581	2049929050	0	50	717		https://sra-downloadb.be-md.ncbi.nlm.nih.gov/sos3/sra-pub-zq-22/ERR002/820/ERR2820066.sralite.1	unspecified	RNA-Seq	RANDOM	TRANSCRIPTOMIC	SINGLE	0	0	ILLUMINA	Illumina HiSeq 2500	ERP111062			ERS2768250	SAMEA4949569	simple		Staphylococcus aureus	SAMEA4949569							no					HUG	ERA1614566		public	C1EB4449FD407609897CF7FC3AB6BA2D	D39322C5245916DEBA2924EA4688EF23			TRUE	TRUE	TRUE	
SRX5029496	ERR2820067	RN4220	506073	506073_1	506073_0	PRJEB28806	1280	2019-10-02 7:39:02	2019-10-04 22:03:36	40973137	2048656850	0	50	716		https://sra-downloadb.be-md.ncbi.nlm.nih.gov/sos3/sra-pub-zq-22/ERR002/820/ERR2820067.sralite.1	unspecified	RNA-Seq	RANDOM	TRANSCRIPTOMIC	SINGLE	0	0	ILLUMINA	Illumina HiSeq 2500	ERP111062			ERS2768251	SAMEA4949570	simple		Staphylococcus aureus	SAMEA4949570							no					HUG	ERA1614566		public	D8A973984641C73F5B09B70CA7D3D386	D2BB12C2777D202F60EA6EA04552140F			TRUE	TRUE	TRUE	
SRX5029497	ERR2820068	RN4220	506073	506073_2	506073_0	PRJEB28806	1280	2019-10-02 7:39:02	2019-10-04 22:05:36	38583833	1929191650	0	50	677		https://sra-downloadb.be-md.ncbi.nlm.nih.gov/sos3/sra-pub-zq-22/ERR002/820/ERR2820068.sralite.1	unspecified	RNA-Seq	RANDOM	TRANSCRIPTOMIC	SINGLE	0	0	ILLUMINA	Illumina HiSeq 2500	ERP111062			ERS2768252	SAMEA4949571	simple		Staphylococcus aureus	SAMEA4949571							no					HUG	ERA1614566		public	9CD0940E5715878CAB4EF2253FD2C72C	6DC764572CFD8B731EEC5907121F7B56			TRUE	TRUE	TRUE	
SRX5029498	ERR3239233;ERR3239232	RN4220	506073	506073_2	506073_0	PRJEB31825	1280	2020-01-09 4:27:52	2022-07-21 18:12:09	8104343	1637077286	8104343	202	547		https://sra-downloadb.be-md.ncbi.nlm.nih.gov/sos4/sra-pub-zq-1/ERR003/3239/ERR3239232/ERR3239232.lite.2	1533_p	RNA-Seq	RT-PCR	TRANSCRIPTOMIC	PAIRED	400	56.2	ILLUMINA	Illumina HiSeq 4000	ERP114431			ERS3330651	SAMEA5528574	simple		Staphylococcus aureus	SAMEA5528574							no					bacteria culture	ERA1782433		public	5E9F61A1B32BC7CB8B1F90A06D335D75	1370B0E2C7B9D7285F22187BEC7278DE			TRUE	TRUE	TRUE	
SRX5029499	ERR3239234;ERR3239235	RN4220	506073	506073_3	506073_0	PRJEB31825	1280	2020-01-09 4:27:52	2022-07-24 13:50:52	7967251	1609384702	7967251	202	529		https://sra-downloadb.be-md.ncbi.nlm.nih.gov/sos4/sra-pub-zq-1/ERR003/3239/ERR3239235/ERR3239235.lite.2	ABMP in 1533_p	RNA-Seq	RT-PCR	TRANSCRIPTOMIC	PAIRED	400	56.2	ILLUMINA	Illumina HiSeq 4000	ERP114431			ERS3330652	SAMEA5528575	simple		Staphylococcus aureus	SAMEA5528575							no					bacteria culture	ERA1782433		public	29712664452BA813C03C16B3BD24172A	8BE8968A063259397BE28B4AA9606703			TRUE	TRUE	TRUE	
SRX5029500	ERR3239236;ERR3239237	RN4220	506073	506073_3	506073_0	PRJEB31825	1280	2020-01-09 4:27:52	2022-07-15 19:00:12	8361840	1689091680	8361840	202	556		https://sra-downloadb.be-md.ncbi.nlm.nih.gov/sos2/sra-pub-zq-20/ERR003/3239/ERR3239237/ERR3239237.lite.2	TR in 1533_p	RNA-Seq	RT-PCR	TRANSCRIPTOMIC	PAIRED	400	56.2	ILLUMINA	Illumina HiSeq 4000	ERP114431			ERS3330653	SAMEA5528576	simple		Staphylococcus aureus	SAMEA5528576							no					bacteria culture	ERA1782433		public	FE79D5953AD5A6AD8DDE864EF010FC53	3DB4E3E3C1C3FC697D2D89707A301430			TRUE	TRUE	TRUE	
SRX529234	ERR454951	NCTC 8325	245830	245830_1	245830_0	PRJEB5811	1280	2014-09-05 19:23:14	2021-10-28 12:31:43	16236729	3247345800	16236729	200	2132		https://sra-downloadb.be-md.ncbi.nlm.nih.gov/sos2/sra-pub-zq-18/ERR000/454/ERR454951/ERR454951.lite.2	6A	RNA-Seq	RANDOM	TRANSCRIPTOMIC	PAIRED	300	200	ILLUMINA	Illumina HiSeq 2000	ERP005246			ERS421557	SAMEA2397504	simple		Staphylococcus aureus	SAMEA2397504							no					BGI TECH SOLUTIONS (HONGKONG)	ERA293632		public	CDE68D5325E1D5F61B526844622FB09A	42CACA3CFBB6070E05D7300E9C41FA42			TRUE	TRUE	TRUE	
SRX529235	ERR454954	NCTC 8325	245830	245830_1	245830_0	PRJEB5811	1280	2014-09-05 19:23:14	2021-10-28 13:15:58	16922615	3384523000	16922615	200	2223		https://sra-downloadb.be-md.ncbi.nlm.nih.gov/sos2/sra-pub-zq-18/ERR000/454/ERR454954/ERR454954.lite.2	2A	RNA-Seq	RANDOM	TRANSCRIPTOMIC	PAIRED	300	200	ILLUMINA	Illumina HiSeq 2000	ERP005246			ERS421558	SAMEA2397505	simple		Staphylococcus aureus	SAMEA2397505							no					BGI TECH SOLUTIONS (HONGKONG)	ERA293632		public	A4E2A404F310B2BC526DA5ED9398A1DD	24F748B0E8AE27158C9FC850DD613D32			TRUE	TRUE	TRUE	
SRX529236	ERR454957	NCTC 8325	245830	245830_0	245830_0	PRJEB5811	1280	2014-09-05 19:23:14	2021-10-28 9:51:20	19856261	3971252200	19856261	200	2606		https://sra-downloadb.be-md.ncbi.nlm.nih.gov/sos2/sra-pub-zq-18/ERR000/454/ERR454957/ERR454957.lite.2	4A	RNA-Seq	RANDOM	TRANSCRIPTOMIC	PAIRED	300	200	ILLUMINA	Illumina HiSeq 2000	ERP005246			ERS421559	SAMEA2397506	simple		Staphylococcus aureus	SAMEA2397506							no					BGI TECH SOLUTIONS (HONGKONG)	ERA293632		public	18B0E7C42FFDF51BD195175BA1D6D3CD	BFB0E522C1709482C8A2C1BA488D891E			TRUE	TRUE	TRUE	
SRX529237	ERR454958	NCTC 8325	245830	245830_0	245830_0	PRJEB5811	1280	2014-09-05 19:23:15	2021-10-28 9:49:09	14664505	2932901000	14664505	200	1932		https://sra-downloadb.be-md.ncbi.nlm.nih.gov/sos2/sra-pub-zq-18/ERR000/454/ERR454958/ERR454958.lite.2	5B	RNA-Seq	RANDOM	TRANSCRIPTOMIC	PAIRED	300	200	ILLUMINA	Illumina HiSeq 2000	ERP005246			ERS421560	SAMEA2397507	simple		Staphylococcus aureus	SAMEA2397507							no					BGI TECH SOLUTIONS (HONGKONG)	ERA293632		public	6501C3E982D38D046000A3E8F7C8A519	C43D5444796DB03462153AAE4106D1B0			TRUE	TRUE	TRUE	
SRX529238	ERR454961	NCTC 8325	245830	245830_0	245830_0	PRJEB5811	1280	2014-09-05 19:23:15	2021-10-28 9:49:01	14063607	2812721400	14063607	200	1856		https://sra-downloadb.be-md.ncbi.nlm.nih.gov/sos2/sra-pub-zq-18/ERR000/454/ERR454961/ERR454961.lite.2	6B	RNA-Seq	RANDOM	TRANSCRIPTOMIC	PAIRED	300	200	ILLUMINA	Illumina HiSeq 2000	ERP005246			ERS421561	SAMEA2397508	simple		Staphylococcus aureus	SAMEA2397508							no					BGI TECH SOLUTIONS (HONGKONG)	ERA293632		public	56ECDA715BEFD7F12257B999656FACE8	BE4BF27F33C18CECEE9B6ACDAE5204DC			TRUE	TRUE	TRUE	
SRX529239	ERR454960	NCTC 8325	245830	245830_2	245830_0	PRJEB5811	1280	2014-09-05 19:23:15	2021-10-28 9:47:42	11717433	2343486600	11717433	200	1536		https://sra-downloadb.be-md.ncbi.nlm.nih.gov/sos2/sra-pub-zq-18/ERR000/454/ERR454960/ERR454960.lite.2	3B	RNA-Seq	RANDOM	TRANSCRIPTOMIC	PAIRED	300	200	ILLUMINA	Illumina HiSeq 2000	ERP005246			ERS421562	SAMEA2397509	simple		Staphylococcus aureus	SAMEA2397509							no					BGI TECH SOLUTIONS (HONGKONG)	ERA293632		public	4E4E832B138AEF7F29738560FFA5F6B1	432A52B0F91901237088AEFF4FE6D8CB			TRUE	TRUE	TRUE	
SRX529240	ERR454959	NCTC 8325	245830	245830_2	245830_0	PRJEB5811	1280	2014-09-05 19:23:15	2021-10-28 9:50:13	15243242	3048648400	15243242	200	2022		https://sra-downloadb.be-md.ncbi.nlm.nih.gov/sos2/sra-pub-zq-18/ERR000/454/ERR454959/ERR454959.lite.2	1B	RNA-Seq	RANDOM	TRANSCRIPTOMIC	PAIRED	300	200	ILLUMINA	Illumina HiSeq 2000	ERP005246			ERS421563	SAMEA2397510	simple		Staphylococcus aureus	SAMEA2397510							no					BGI TECH SOLUTIONS (HONGKONG)	ERA293632		public	82A5F2794E4B3EFC4583CF9CDB763E8C	6476052AF69B2862B58332032FB67AC3			TRUE	TRUE	TRUE	
SRX529241	ERR454953	NCTC 8325	245830	245830_2	245830_0	PRJEB5811	1280	2014-09-05 19:23:14	2021-10-28 9:49:28	14538120	2907624000	14538120	200	1927		https://sra-downloadb.be-md.ncbi.nlm.nih.gov/sos2/sra-pub-zq-18/ERR000/454/ERR454953/ERR454953.lite.2	4B	RNA-Seq	RANDOM	TRANSCRIPTOMIC	PAIRED	300	200	ILLUMINA	Illumina HiSeq 2000	ERP005246			ERS421564	SAMEA2397511	simple		Staphylococcus aureus	SAMEA2397511							no					BGI TECH SOLUTIONS (HONGKONG)	ERA293632		public	0C6DC5CDAF51E680E33425B37F871E11	9B88091E0FDB1BAC9D71FFAE97690E19			TRUE	TRUE	TRUE	
SRX5562272	ERR454962	HG001 delta_rsaC	528653	528653_1	528653_0	PRJEB5811	1280	2014-09-05 19:23:15	2021-10-28 9:48:12	15579962	3115992400	15579962	200	2049		https://sra-downloadb.be-md.ncbi.nlm.nih.gov/sos2/sra-pub-zq-18/ERR000/454/ERR454962/ERR454962.lite.2	2B	RNA-Seq	RANDOM	TRANSCRIPTOMIC	PAIRED	300	200	ILLUMINA	Illumina HiSeq 2000	ERP005246			ERS421565	SAMEA2397512	simple		Staphylococcus aureus	SAMEA2397512							no					BGI TECH SOLUTIONS (HONGKONG)	ERA293632		public	06EF0A93EED0700D54303A1B1CF4BB48	9E82CF04C4C1570F331DBCF9CB7C6286			TRUE	TRUE	TRUE	
SRX5562273	ERR454956	HG001 delta_rsaC	528653	528653_1	528653_0	PRJEB5811	1280	2014-09-05 19:23:14	2021-10-28 9:49:40	16376114	3275222800	16376114	200	2154		https://sra-downloadb.be-md.ncbi.nlm.nih.gov/sos2/sra-pub-zq-18/ERR000/454/ERR454956/ERR454956.lite.2	1A	RNA-Seq	RANDOM	TRANSCRIPTOMIC	PAIRED	300	200	ILLUMINA	Illumina HiSeq 2000	ERP005246			ERS421566	SAMEA2397513	simple		Staphylococcus aureus	SAMEA2397513							no					BGI TECH SOLUTIONS (HONGKONG)	ERA293632		public	D545EA3D7A8C9F87FB6304734329F31C	FFE6A67CE660585DB8B7607400708B8F			TRUE	TRUE	TRUE	
SRX5562274	ERR454952	HG001 delta_rsaC	528653	528653_0	528653_0	PRJEB5811	1280	2014-09-05 19:23:14	2021-10-28 11:55:47	16364352	3272870400	16364352	200	2142		https://sra-downloadb.be-md.ncbi.nlm.nih.gov/sos2/sra-pub-zq-18/ERR000/454/ERR454952/ERR454952.lite.2	5A	RNA-Seq	RANDOM	TRANSCRIPTOMIC	PAIRED	300	200	ILLUMINA	Illumina HiSeq 2000	ERP005246			ERS421567	SAMEA2397514	simple		Staphylococcus aureus	SAMEA2397514							no					BGI TECH SOLUTIONS (HONGKONG)	ERA293632		public	0395A2BD0C8CDEFAB02DCCA8B1A46DA8	FCB6294EC06BE5AC1043CF15F72DB45E			TRUE	TRUE	TRUE	
SRX5562275	ERR454955	HG001 delta_rsaC	528653	528653_0	528653_0	PRJEB5811	1280	2014-09-05 19:23:14	2021-10-28 9:47:16	15376492	3075298400	15376492	200	2011		https://sra-downloadb.be-md.ncbi.nlm.nih.gov/sos2/sra-pub-zq-18/ERR000/454/ERR454955/ERR454955.lite.2	3A	RNA-Seq	RANDOM	TRANSCRIPTOMIC	PAIRED	300	200	ILLUMINA	Illumina HiSeq 2000	ERP005246			ERS421568	SAMEA2397515	simple		Staphylococcus aureus	SAMEA2397515							no					BGI TECH SOLUTIONS (HONGKONG)	ERA293632		public	4FE79A56F4D7DB38229B9F6A03EA73A0	1BBCC7C29EEC0B4C7108A6E50606964F			TRUE	TRUE	TRUE	
SRX9368291	ERR4675292	RN4220 (NCTC8325 derivative)	672128	672128_0	672128_0	PRJEB40775	93061	2020-10-14 15:46:56	2021-11-18 18:56:12	44433055	2097633676	0	47	1358		https://sra-downloadb.be-md.ncbi.nlm.nih.gov/sos4/sra-pub-zq-1/ERR004/4675/ERR4675292/ERR4675292.lite.1		RNA-Seq	cDNA	TRANSCRIPTOMIC	SINGLE	0	0	ILLUMINA	Illumina HiSeq 2000	ERP124442			ERS5181930	SAMEA7423582	simple		Staphylococcus aureus subsp. aureus NCTC 8325	SAMEA7423582							no					ZB MED - INFORMATION CENTRE FOR LIFE SCIENCES	ERA2955594		public	FDF4BCFF44E3838013AC3F10031BC5AA	AA6D706DFA9751E5F62599345CBDF105			TRUE	TRUE	TRUE	
SRX9368292	ERR4675293	RN4220 (NCTC8325 derivative)	672128	672128_1	672128_0	PRJEB40775	93061	2020-10-14 15:46:56	2021-11-18 16:14:21	57279719	2749381059	0	47	1730		https://sra-downloadb.be-md.ncbi.nlm.nih.gov/sos4/sra-pub-zq-1/ERR004/4675/ERR4675293/ERR4675293.lite.1		RNA-Seq	cDNA	TRANSCRIPTOMIC	SINGLE	0	0	ILLUMINA	Illumina HiSeq 2000	ERP124442			ERS5181931	SAMEA7423583	simple		Staphylococcus aureus subsp. aureus NCTC 8325	SAMEA7423583							no					ZB MED - INFORMATION CENTRE FOR LIFE SCIENCES	ERA2955597		public	8947F74D78D80696B870C46701E61802	23E73928447FCCD37D2FC28AEC8AEF0B			TRUE	TRUE	TRUE	
SRX9368293	ERR4781603	RN4220 (NCTC8325 derivative)	672128	672128_0	672128_0	PRJEB41066	93061	2022-06-14 22:27:39	2022-06-28 0:46:17	9988847	509431197	0	51	301		https://sra-downloadb.be-md.ncbi.nlm.nih.gov/sos2/sra-pub-zq-20/ERR004/4781/ERR4781603/ERR4781603.lite.1		RNA-Seq	cDNA	TRANSCRIPTOMIC	SINGLE	0	0	ILLUMINA	Illumina HiSeq 2000	ERP124795			ERS5266935	SAMEA7510309	simple		Staphylococcus aureus subsp. aureus NCTC 8325	SAMEA7510309							no					ZB MED - INFORMATION CENTRE FOR LIFE SCIENCES	ERA3044368		public	2B9D6F13B4176338060F4714550B6308	B1CF87BDDE76A9553E202B8922927491			TRUE	TRUE	TRUE	
SRX9368294	ERR4781604	RN4220 (NCTC8325 derivative)	672128	672128_1	672128_0	PRJEB41066	93061	2022-06-14 22:27:39	2022-06-28 3:20:40	44585659	2273868609	0	51	1453		https://sra-downloadb.be-md.ncbi.nlm.nih.gov/sos2/sra-pub-zq-20/ERR004/4781/ERR4781604/ERR4781604.lite.1		RNA-Seq	cDNA	TRANSCRIPTOMIC	SINGLE	0	0	ILLUMINA	Illumina HiSeq 2000	ERP124795			ERS5266936	SAMEA7510310	simple		Staphylococcus aureus subsp. aureus NCTC 8325	SAMEA7510310							no					ZB MED - INFORMATION CENTRE FOR LIFE SCIENCES	ERA3044371		public	40F58FE2F59DC0DD38C9D6B3EC6350B3	3DE05FF4827016FBFEA22C417699F53B			TRUE	TRUE	TRUE	
SRX9368295	ERR4781606	RN4220 (NCTC8325 derivative)	672128	672128_2	672128_0	PRJEB41066	93061	2022-06-14 22:27:39	2022-06-25 23:18:29	57360983	2925410133	0	51	1722		https://sra-downloadb.be-md.ncbi.nlm.nih.gov/sos2/sra-pub-zq-20/ERR004/4781/ERR4781606/ERR4781606.lite.1		RNA-Seq	cDNA	TRANSCRIPTOMIC	SINGLE	0	0	ILLUMINA	Illumina HiSeq 2000	ERP124795			ERS5266937	SAMEA7510311	simple		Staphylococcus aureus subsp. aureus NCTC 8325	SAMEA7510311							no					ZB MED - INFORMATION CENTRE FOR LIFE SCIENCES	ERA3044375		public	4BBE23A49FCA7918DD16D7836290EBD9	5C4D377A5C6670AA65F53C6268F41A77			TRUE	TRUE	TRUE	
SRX9368296	ERR4793920	RN4220 (NCTC8325 derivative)	672128	672128_3	672128_0	PRJEB41101	93061	2020-11-09 21:24:24	2020-11-16 2:51:40	9988847	509431197	0	51	280		https://sra-downloadb.be-md.ncbi.nlm.nih.gov/sos2/sra-pub-zq-20/ERR004/4793/ERR4793920/ERR4793920.lite.1		RNA-Seq	cDNA	TRANSCRIPTOMIC	SINGLE	0	0	ILLUMINA	Illumina HiSeq 2000	ERP124834			ERS5274985	SAMEA7518502	simple		Staphylococcus aureus subsp. aureus NCTC 8325	SAMEA7518502							no					ZB MED - INFORMATION CENTRE FOR LIFE SCIENCES	ERA3046510		public	2B9D6F13B4176338060F4714550B6308	B1CF87BDDE76A9553E202B8922927491			TRUE	TRUE	TRUE	
SRX9368297	ERR4793921	RN4220 (NCTC8325 derivative)	672128	672128_2	672128_0	PRJEB41101	93061	2020-11-09 21:24:24	2020-11-17 5:16:53	44585659	2273868609	0	51	1371		https://sra-downloadb.be-md.ncbi.nlm.nih.gov/sos4/sra-pub-zq-1/ERR004/4793/ERR4793921/ERR4793921.lite.1		RNA-Seq	cDNA	TRANSCRIPTOMIC	SINGLE	0	0	ILLUMINA	Illumina HiSeq 2000	ERP124834			ERS5274986	SAMEA7518503	simple		Staphylococcus aureus subsp. aureus NCTC 8325	SAMEA7518503							no					ZB MED - INFORMATION CENTRE FOR LIFE SCIENCES	ERA3046511		public	40F58FE2F59DC0DD38C9D6B3EC6350B3	3DE05FF4827016FBFEA22C417699F53B			TRUE	TRUE	TRUE	
SRX9368298	ERR5443885	RN4220 (NCTC8325 derivative)	672128	672128_3	672128_0	PRJEB43496	1280	2021-03-17 19:06:55	2021-04-21 6:56:53	13444263	672213150	0	50	349		https://sra-downloadb.be-md.ncbi.nlm.nih.gov/sos2/sra-pub-zq-20/ERR005/5443/ERR5443885/ERR5443885.lite.1	unspecified	RNA-Seq	RANDOM	TRANSCRIPTOMIC	SINGLE	0	0	ILLUMINA	Illumina HiSeq 4000	ERP127468			ERS5914274	SAMEA8227703	simple		Staphylococcus aureus	SAMEA8227703							no					GENEVA UNIVERSITY HOSPITALS	ERA3564958		public	70B83B44CD2C196E4688C407D715F22F	9D94F8F9A93170108D8F6017B0EF5896			TRUE	TRUE	TRUE	
SRX9633997	ERR5443888	SH1000	682641	682641_0	682641_0	PRJEB43496	1280	2021-03-17 19:06:55	2021-04-17 22:19:09	12061441	603072050	0	50	287		https://sra-downloadb.be-md.ncbi.nlm.nih.gov/sos2/sra-pub-zq-20/ERR005/5443/ERR5443888/ERR5443888.lite.1	unspecified	RNA-Seq	RANDOM	TRANSCRIPTOMIC	SINGLE	0	0	ILLUMINA	Illumina HiSeq 4000	ERP127468			ERS5914277	SAMEA8227706	simple		Staphylococcus aureus	SAMEA8227706							no					GENEVA UNIVERSITY HOSPITALS	ERA3564958		public	FA48D282023CC3A59601BF3FE907D994	D0082B4D86CDEEC5CE94670E05B0BA35			TRUE	TRUE	TRUE	
SRX9633998	ERR5443889	SH1000	682641	682641_0	682641_0	PRJEB43496	1280	2021-03-17 19:06:56	2021-04-17 22:18:14	9302999	465149950	0	50	227		https://sra-downloadb.be-md.ncbi.nlm.nih.gov/sos1/sra-pub-zq-38/ERR005/5443/ERR5443889/ERR5443889.lite.1	unspecified	RNA-Seq	RANDOM	TRANSCRIPTOMIC	SINGLE	0	0	ILLUMINA	Illumina HiSeq 4000	ERP127468			ERS5914278	SAMEA8227707	simple		Staphylococcus aureus	SAMEA8227707							no					GENEVA UNIVERSITY HOSPITALS	ERA3564958		public	8D66AE01001C6ECCEED4F90D99A15374	4AD4F99B05F2CB557486EB45A39318E1			TRUE	TRUE	TRUE	
SRX9633999	ERR5443890	SH1000	682641	682641_0	682641_0	PRJEB43496	1280	2021-03-17 19:06:56	2021-04-21 6:55:11	13464084	673204200	0	50	349		https://sra-downloadb.be-md.ncbi.nlm.nih.gov/sos2/sra-pub-zq-20/ERR005/5443/ERR5443890/ERR5443890.lite.1	unspecified	RNA-Seq	RANDOM	TRANSCRIPTOMIC	SINGLE	0	0	ILLUMINA	Illumina HiSeq 4000	ERP127468			ERS5914279	SAMEA8227708	simple		Staphylococcus aureus	SAMEA8227708							no					GENEVA UNIVERSITY HOSPITALS	ERA3564958		public	235AEC200EFEA5E1CA13E5542CB969D9	753A58158EB450B9DF299AA9BB007105			TRUE	TRUE	TRUE	
SRX9634000	ERR5529898	SH1000	682641	682641_1	682641_0	PRJEB41101	93061	2021-03-24 14:45:40	2021-04-14 18:38:15	57360983	2925410133	0	51	1722		https://sra-downloadb.be-md.ncbi.nlm.nih.gov/sos4/sra-pub-zq-1/ERR005/5529/ERR5529898/ERR5529898.lite.1		RNA-Seq	cDNA	TRANSCRIPTOMIC	SINGLE	0	0	ILLUMINA	Illumina HiSeq 2000	ERP124834			ERS6083881	SAMEA8398402	simple		Staphylococcus aureus subsp. aureus NCTC 8325	SAMEA8398402							no					ZB MED - INFORMATION CENTRE FOR LIFE SCIENCES	ERA3689650		public	4BBE23A49FCA7918DD16D7836290EBD9	5C4D377A5C6670AA65F53C6268F41A77			TRUE	TRUE	TRUE	
SRX9634001	ERR5530739	SH1000	682641	682641_1	682641_0	PRJEB43874	93061	2021-03-26 9:04:44	2021-03-27 22:12:21	9988847	509431197	0	51	280		https://sra-downloadb.be-md.ncbi.nlm.nih.gov/sos2/sra-pub-zq-20/ERR005/5530/ERR5530739/ERR5530739.lite.1		RNA-Seq	cDNA	TRANSCRIPTOMIC	SINGLE	0	0	ILLUMINA	Illumina HiSeq 2000	ERP127848			ERS6085306	SAMEA8399829	simple		Staphylococcus aureus subsp. aureus NCTC 8325	SAMEA8399829							no					ZB MED - INFORMATION CENTRE FOR LIFE SCIENCES	ERA3690429		public	2B9D6F13B4176338060F4714550B6308	B1CF87BDDE76A9553E202B8922927491			TRUE	TRUE	TRUE	
SRX9634002	ERR5530740	SH1000	682641	682641_1	682641_0	PRJEB43874	93061	2021-03-26 9:04:44	2021-03-27 23:35:00	44585659	2273868609	0	51	1371		https://sra-downloadb.be-md.ncbi.nlm.nih.gov/sos4/sra-pub-zq-1/ERR005/5530/ERR5530740/ERR5530740.lite.1		RNA-Seq	cDNA	TRANSCRIPTOMIC	SINGLE	0	0	ILLUMINA	Illumina HiSeq 2000	ERP127848			ERS6085307	SAMEA8399830	simple		Staphylococcus aureus subsp. aureus NCTC 8325	SAMEA8399830							no					ZB MED - INFORMATION CENTRE FOR LIFE SCIENCES	ERA3690432		public	40F58FE2F59DC0DD38C9D6B3EC6350B3	3DE05FF4827016FBFEA22C417699F53B			TRUE	TRUE	TRUE	
SRX9634003	ERR5531330	SH1000	682641	682641_0	682641_0	PRJEB43874	93061	2021-03-26 9:04:44	2021-04-14 18:39:15	57360983	2925410133	0	51	1722		https://sra-downloadb.be-md.ncbi.nlm.nih.gov/sos4/sra-pub-zq-1/ERR005/5531/ERR5531330/ERR5531330.lite.1		RNA-Seq	cDNA	TRANSCRIPTOMIC	SINGLE	0	0	ILLUMINA	Illumina HiSeq 2000	ERP127848			ERS6085308	SAMEA8399831	simple		Staphylococcus aureus subsp. aureus NCTC 8325	SAMEA8399831							no					ZB MED - INFORMATION CENTRE FOR LIFE SCIENCES	ERA3690438		public	4BBE23A49FCA7918DD16D7836290EBD9	5C4D377A5C6670AA65F53C6268F41A77			TRUE	TRUE	TRUE	
SRX9634004	ERR5621525	SH1000	682641	682641_0	682641_0	PRJEB42756	451516	2021-03-31 13:35:15	2021-04-15 7:48:55	8201533	656122640	8201533	80	229		https://sra-downloadb.be-md.ncbi.nlm.nih.gov/sos1/sra-pub-zq-38/ERR005/5621/ERR5621525/ERR5621525.lite.1	unspecified	RNA-Seq	RT-PCR	TRANSCRIPTOMIC	PAIRED	350	0	ILLUMINA	NextSeq 500	ERP126658			ERS6142166	SAMEA8457313	simple		Staphylococcus aureus subsp. aureus USA300_TCH1516	SAMEA8457313							no					KAIST	ERA3699926		public	6AAFC1E6B64B56D8CCE8C63B74EC0F24	E860DBC811A4C990E9F6AE86EA84EF92			TRUE	TRUE	TRUE	
SRX9634005	ERR5621526	SH1000	682641	682641_0	682641_0	PRJEB42756	451516	2021-03-31 13:35:15	2021-04-15 7:49:12	8470422	677633760	8470422	80	238		https://sra-downloadb.be-md.ncbi.nlm.nih.gov/sos1/sra-pub-zq-38/ERR005/5621/ERR5621526/ERR5621526.lite.1	unspecified	RNA-Seq	RT-PCR	TRANSCRIPTOMIC	PAIRED	350	0	ILLUMINA	NextSeq 500	ERP126658			ERS6142167	SAMEA8457314	simple		Staphylococcus aureus subsp. aureus USA300_TCH1516	SAMEA8457314							no					KAIST	ERA3699926		public	51AE6D26F8708444034CEB68FDB211F3	9BC3428EE3C54EEC3B6FF523A556E01F			TRUE	TRUE	TRUE	
SRX9634006	ERR5621527	SH1000	682641	682641_1	682641_0	PRJEB42756	451516	2021-03-31 13:35:15	2021-04-15 7:48:12	7418004	593440320	7418004	80	213		https://sra-downloadb.be-md.ncbi.nlm.nih.gov/sos1/sra-pub-zq-38/ERR005/5621/ERR5621527/ERR5621527.lite.1	unspecified	RNA-Seq	RT-PCR	TRANSCRIPTOMIC	PAIRED	350	0	ILLUMINA	NextSeq 500	ERP126658			ERS6142168	SAMEA8457315	simple		Staphylococcus aureus subsp. aureus USA300_TCH1516	SAMEA8457315							no					KAIST	ERA3699926		public	9F58E99A24ACBB02CF09EE3AB66B0665	24D57878110C64AD016D1DD9DDBCE656			TRUE	TRUE	TRUE	
SRX9634007	ERR5621528	SH1000	682641	682641_1	682641_0	PRJEB42756	451516	2021-03-31 15:46:43	2021-04-15 9:02:41	7994886	639590880	7994886	80	221		https://sra-downloadb.be-md.ncbi.nlm.nih.gov/sos1/sra-pub-zq-38/ERR005/5621/ERR5621528/ERR5621528.lite.1	unspecified	RNA-Seq	RT-PCR	TRANSCRIPTOMIC	PAIRED	350	0	ILLUMINA	NextSeq 500	ERP126658			ERS6142169	SAMEA8457316	simple		Staphylococcus aureus subsp. aureus USA300_TCH1516	SAMEA8457316							no					KAIST	ERA3699926		public	E9C8B9CE6758B53986EC21A142C74EDF	AD6BBFBD77F9C04ADCA0A5004E789887			TRUE	TRUE	TRUE	