	Run	SortedStrain	project	condition	reference_condition	BioProject	TaxID	ReleaseDate	LoadDate	spots	bases	spots_with_mates	avgLength	size_MB	AssemblyName	download_path	LibraryName	LibraryStrategy	LibrarySelection	LibrarySource	LibraryLayout	InsertSize	InsertDev	Platform	Model	SRAStudy	Study_Pubmed_id	Unnamed: 26	Sample	BioSample	SampleType	Unnamed: 30	ScientificName	SampleName	g1k_pop_code	source	g1k_analysis_group	Subject_ID	Sex	Disease	Tumor	Affection_Status	Analyte_Type	Histological_Type	Body_Site	CenterName	Submission	dbgap_study_accession	Consent	RunHash	ReadHash	R1	R2	passed_fastqc	passed_reads_mapped_to_CDS	passed_global_correlation	skip	full_name	passed_replicate_correlations
ERX4581842	DRR084272	HG003 (NCTC8325 der.)	p703888	703888_0	703888_0	PRJDB5480	1280	2019-01-18 13:27:39	2019-01-18 13:36:26	17923137	645232932	0	36	523		https://sra-downloadb.be-md.ncbi.nlm.nih.gov/sos5/sra-pub-zq-11/DRR000/084/DRR084272/DRR084272.sralite.1	14_MW2-2-RNAseq	RNA-Seq	cDNA	TRANSCRIPTOMIC	SINGLE	0	0.0	ILLUMINA	Illumina HiSeq 2500	DRP004744			DRS086072	SAMD00073686	simple		Staphylococcus aureus	SAMD00073686							no					UT_GSPS	DRA005494		public	2A8EF31F7AD44D7E91D28AF107C5C004	3C1E0B6C8FB3599A1AC249DD45477440			True	True	True		p703888:703888_0	True
ERX4581846	DRR084276	HG003 (NCTC8325 der.)	p703888	703888_0	703888_0	PRJDB5480	1280	2019-01-18 13:27:39	2019-01-18 13:36:13	20193736	726974496	0	36	585		https://sra-downloadb.be-md.ncbi.nlm.nih.gov/sos5/sra-pub-zq-11/DRR000/084/DRR084276/DRR084276.sralite.1	18_MW2-3-RNAseq	RNA-Seq	cDNA	TRANSCRIPTOMIC	SINGLE	0	0.0	ILLUMINA	Illumina HiSeq 2500	DRP004744			DRS086076	SAMD00073690	simple		Staphylococcus aureus	SAMD00073690							no					UT_GSPS	DRA005494		public	9DEE5927609E25828F1AC7A522C139AC	0F2AD4AFB91808337668191808D2730D			True	True	True		p703888:703888_0	True
ERX4581839	DRR084269	HG003 (NCTC8325 der.)	p703888	703888_1	703888_0	PRJDB5480	1280	2019-01-18 13:27:39	2019-01-18 13:35:32	16338302	588178872	0	36	389		https://sra-downloadb.be-md.ncbi.nlm.nih.gov/sos5/sra-pub-zq-11/DRR000/084/DRR084269/DRR084269.sralite.1	11_MW2_F-1-RNAseq	RNA-Seq	cDNA	TRANSCRIPTOMIC	SINGLE	0	0.0	ILLUMINA	Illumina HiSeq 2500	DRP004744			DRS086069	SAMD00073683	simple		Staphylococcus aureus	SAMD00073683							no					UT_GSPS	DRA005494		public	84DADBE86C764EECD0FFAC7B56DC5008	F91F934DFE1A579EA0F4C125846E97F2			True	True	True		p703888:703888_1	True
ERX4581843	DRR084273	HG003 (NCTC8325 der.)	p703888	703888_1	703888_0	PRJDB5480	1280	2019-01-18 13:27:39	2019-01-18 13:38:21	22855636	822802896	0	36	663		https://sra-downloadb.be-md.ncbi.nlm.nih.gov/sos5/sra-pub-zq-11/DRR000/084/DRR084273/DRR084273.sralite.1	15_MW2_F-2-RNAseq	RNA-Seq	cDNA	TRANSCRIPTOMIC	SINGLE	0	0.0	ILLUMINA	Illumina HiSeq 2500	DRP004744			DRS086073	SAMD00073687	simple		Staphylococcus aureus	SAMD00073687							no					UT_GSPS	DRA005494		public	6FAE4A71E4B162F18481A0196735AB58	A7705D907CD81FB1B981564677697BD7			True	True	True		p703888:703888_1	True
ERX4581847	DRR084277	HG003 (NCTC8325 der.)	p703888	703888_1	703888_0	PRJDB5480	1280	2019-01-18 13:27:39	2019-01-18 13:33:47	21012879	756463644	0	36	504		https://sra-downloadb.be-md.ncbi.nlm.nih.gov/sos5/sra-pub-zq-11/DRR000/084/DRR084277/DRR084277.sralite.1	19_MW2_F-3-RNAseq	RNA-Seq	cDNA	TRANSCRIPTOMIC	SINGLE	0	0.0	ILLUMINA	Illumina HiSeq 2500	DRP004744			DRS086077	SAMD00073691	simple		Staphylococcus aureus	SAMD00073691							no					UT_GSPS	DRA005494		public	4C26F6F8E6CC8B730F7A9C5CEA80DEF6	70107DE20BE11FA6D1E3927A7073199D			True	True	True		p703888:703888_1	True
ERX4581840	DRR084270	HG003 (NCTC8325 der.)	p703888	703888_2	703888_0	PRJDB5480	1280	2019-01-18 13:27:39	2019-01-18 13:35:22	16943706	609973416	0	36	405		https://sra-downloadb.be-md.ncbi.nlm.nih.gov/sos5/sra-pub-zq-11/DRR000/084/DRR084270/DRR084270.sralite.1	12_USA300-1-RNAseq	RNA-Seq	cDNA	TRANSCRIPTOMIC	SINGLE	0	0.0	ILLUMINA	Illumina HiSeq 2500	DRP004744			DRS086070	SAMD00073684	simple		Staphylococcus aureus	SAMD00073684							no					UT_GSPS	DRA005494		public	9F4788349D7A6D44F68AE90336449F33	7B34BCC9F2BB503647BA78516CD2B872			True	True	True		p703888:703888_2	True
ERX4581848	DRR084278	HG003 (NCTC8325 der.)	p703888	703888_2	703888_0	PRJDB5480	1280	2019-01-18 13:27:39	2019-01-18 13:36:46	16163409	581882724	0	36	387		https://sra-downloadb.be-md.ncbi.nlm.nih.gov/sos5/sra-pub-zq-11/DRR000/084/DRR084278/DRR084278.sralite.1	20_USA300-3-RNAseq	RNA-Seq	cDNA	TRANSCRIPTOMIC	SINGLE	0	0.0	ILLUMINA	Illumina HiSeq 2500	DRP004744			DRS086078	SAMD00073692	simple		Staphylococcus aureus	SAMD00073692							no					UT_GSPS	DRA005494		public	19311E515F8855DB404ED527DD549FA5	76B41ABB0581095A5AF5AB463B4F2527			True	True	True		p703888:703888_2	True
ERX4581841	DRR084271	HG003 (NCTC8325 der.)	p703888	703888_3	703888_0	PRJDB5480	1280	2019-01-18 13:27:39	2019-01-18 13:32:41	49374756	1777491216	0	36	1434		https://sra-downloadb.be-md.ncbi.nlm.nih.gov/sos5/sra-pub-zq-11/DRR000/084/DRR084271/DRR084271.sralite.1	13_USA300_F-1-RNAseq	RNA-Seq	cDNA	TRANSCRIPTOMIC	SINGLE	0	0.0	ILLUMINA	Illumina HiSeq 2500	DRP004744			DRS086071	SAMD00073685	simple		Staphylococcus aureus	SAMD00073685							no					UT_GSPS	DRA005494		public	5DF78F0AEE065275ED835D22EC7B6AB0	AA3190EA3E5A1F4AC1E38F86B5240DB6			True	True	True		p703888:703888_3	True
ERX4581845	DRR084275	HG003 (NCTC8325 der.)	p703888	703888_3	703888_0	PRJDB5480	1280	2019-01-18 13:27:39	2019-01-18 13:35:43	16691066	600878376	0	36	483		https://sra-downloadb.be-md.ncbi.nlm.nih.gov/sos5/sra-pub-zq-11/DRR000/084/DRR084275/DRR084275.sralite.1	17_USA300_F-2-RNAseq	RNA-Seq	cDNA	TRANSCRIPTOMIC	SINGLE	0	0.0	ILLUMINA	Illumina HiSeq 2500	DRP004744			DRS086075	SAMD00073689	simple		Staphylococcus aureus	SAMD00073689							no					UT_GSPS	DRA005494		public	B089D4AFA855A7378F0FF3C247A1CEC1	1398EAFE25E0BD16185A0205EAA4FACB			True	True	True		p703888:703888_3	True
ERX4581850	DRR084280	HG003 (NCTC8325 der.)	p703888	703888_4	703888_0	PRJDB5480	1280	2019-01-18 13:27:39	2019-01-18 13:37:31	18674602	672285672	0	36	474		https://sra-downloadb.be-md.ncbi.nlm.nih.gov/sos5/sra-pub-zq-11/DRR000/084/DRR084280/DRR084280.sralite.1	22_plnt-1-RNAseq	RNA-Seq	cDNA	TRANSCRIPTOMIC	SINGLE	0	0.0	ILLUMINA	Illumina HiSeq 2500	DRP004744			DRS086080	SAMD00073694	simple		Staphylococcus aureus	SAMD00073694							no					UT_GSPS	DRA005494		public	B25B2FE3DF6B88B72A86DF92701B2082	3F5BEEBAF855B2B5B64FF532EF55B7FE			True	True	True		p703888:703888_4	True
ERX4581854	DRR084284	HG003 (NCTC8325 der.)	p703888	703888_4	703888_0	PRJDB5480	1280	2019-01-18 13:27:39	2019-01-18 13:32:50	27859357	1002936852	0	36	711		https://sra-downloadb.be-md.ncbi.nlm.nih.gov/sos5/sra-pub-zq-11/DRR000/084/DRR084284/DRR084284.sralite.1	26_pC1-1-RNAseq	RNA-Seq	cDNA	TRANSCRIPTOMIC	SINGLE	0	0.0	ILLUMINA	Illumina HiSeq 2500	DRP004744			DRS086084	SAMD00073698	simple		Staphylococcus aureus	SAMD00073698							no					UT_GSPS	DRA005494		public	157397775637525FDD73A87D7B318727	19ED05B927AC0E694BF46A6B41755FD1			True	True	True		p703888:703888_4	True
ERX4581858	DRR084288	HG003 (NCTC8325 der.)	p703888	703888_4	703888_0	PRJDB5480	1280	2019-01-18 13:27:39	2019-01-18 13:37:09	25414403	914918508	0	36	646		https://sra-downloadb.be-md.ncbi.nlm.nih.gov/sos5/sra-pub-zq-11/DRR000/084/DRR084288/DRR084288.sralite.1	30_pND50-2-RNAseq	RNA-Seq	cDNA	TRANSCRIPTOMIC	SINGLE	0	0.0	ILLUMINA	Illumina HiSeq 2500	DRP004744			DRS086088	SAMD00073702	simple		Staphylococcus aureus	SAMD00073702							no					UT_GSPS	DRA005494		public	3907E6DCF545623412027C955D5A0B32	155C9F021E0B8EE5AA2E62879B5EE817			True	True	True		p703888:703888_4	True
ERX4581855	DRR084285	HG003 (NCTC8325 der.)	p703888	703888_5	703888_0	PRJDB5480	1280	2019-01-18 13:27:39	2019-01-18 13:36:38	22991461	827692596	0	36	584		https://sra-downloadb.be-md.ncbi.nlm.nih.gov/sos5/sra-pub-zq-11/DRR000/084/DRR084285/DRR084285.sralite.1	27_pM1-1-RNAseq	RNA-Seq	cDNA	TRANSCRIPTOMIC	SINGLE	0	0.0	ILLUMINA	Illumina HiSeq 2500	DRP004744			DRS086085	SAMD00073699	simple		Staphylococcus aureus	SAMD00073699							no					UT_GSPS	DRA005494		public	314F272A71F6CEA69B16EC3F9034B4A3	D09D9FED5A61757B1BDA96A88DAC5F9B			True	True	True		p703888:703888_5	True
ERX4581851	DRR084281	HG003 (NCTC8325 der.)	p703888	703888_5	703888_0	PRJDB5480	1280	2019-01-18 13:27:39	2019-01-18 13:34:45	20630770	742707720	0	36	527		https://sra-downloadb.be-md.ncbi.nlm.nih.gov/sos5/sra-pub-zq-11/DRR000/084/DRR084281/DRR084281.sralite.1	23_plntF-1-RNAseq	RNA-Seq	cDNA	TRANSCRIPTOMIC	SINGLE	0	0.0	ILLUMINA	Illumina HiSeq 2500	DRP004744			DRS086081	SAMD00073695	simple		Staphylococcus aureus	SAMD00073695							no					UT_GSPS	DRA005494		public	B5FA50F07FF7506CC4237F48BA478620	6B844935591628161EC3C2A8A3D8F581			True	True	True		p703888:703888_5	True
ERX4581859	DRR084289	HG003 (NCTC8325 der.)	p703888	703888_5	703888_0	PRJDB5480	1280	2019-01-18 13:27:39	2019-01-18 13:31:52	23084304	831034944	0	36	573		https://sra-downloadb.be-md.ncbi.nlm.nih.gov/sos5/sra-pub-zq-11/DRR000/084/DRR084289/DRR084289.sralite.1	31_pF-2-RNAseq	RNA-Seq	cDNA	TRANSCRIPTOMIC	SINGLE	0	0.0	ILLUMINA	Illumina HiSeq 2500	DRP004744			DRS086089	SAMD00073703	simple		Staphylococcus aureus	SAMD00073703							no					UT_GSPS	DRA005494		public	48596ACA39C1C992DB0099F290A9AEA4	DA112201135299D0BA6086FC626CE907			True	True	True		p703888:703888_5	True
ERX4581852	DRR084282	HG003 (NCTC8325 der.)	p703888	703888_6	703888_0	PRJDB5480	1280	2019-01-18 13:27:39	2019-01-18 13:35:51	17059303	614134908	0	36	432		https://sra-downloadb.be-md.ncbi.nlm.nih.gov/sos5/sra-pub-zq-11/DRR000/084/DRR084282/DRR084282.sralite.1	24_pND50-1-RNAseq	RNA-Seq	cDNA	TRANSCRIPTOMIC	SINGLE	0	0.0	ILLUMINA	Illumina HiSeq 2500	DRP004744			DRS086082	SAMD00073696	simple		Staphylococcus aureus	SAMD00073696							no					UT_GSPS	DRA005494		public	0AC45622D415A8DF88EEF859F51B0F91	A3E7EAEDBD20450910C955393E47FA99			True	True	True		p703888:703888_6	True
ERX4581856	DRR084286	HG003 (NCTC8325 der.)	p703888	703888_6	703888_0	PRJDB5480	1280	2019-01-18 13:27:39	2019-01-18 13:37:57	39708891	1429520076	0	36	1007		https://sra-downloadb.be-md.ncbi.nlm.nih.gov/sos5/sra-pub-zq-11/DRR000/084/DRR084286/DRR084286.sralite.1	28_plnt-2-RNAseq	RNA-Seq	cDNA	TRANSCRIPTOMIC	SINGLE	0	0.0	ILLUMINA	Illumina HiSeq 2500	DRP004744			DRS086086	SAMD00073700	simple		Staphylococcus aureus	SAMD00073700							no					UT_GSPS	DRA005494		public	259E24CA68D4456C7281EC019ACC6B06	9BC4E7FC4D78BBE6E9FD0E829F667741			True	True	True		p703888:703888_6	True
ERX4581860	DRR084290	HG003 (NCTC8325 der.)	p703888	703888_6	703888_0	PRJDB5480	1280	2019-01-18 13:27:39	2019-01-18 13:36:14	22554320	811955520	0	36	557		https://sra-downloadb.be-md.ncbi.nlm.nih.gov/sos5/sra-pub-zq-11/DRR000/084/DRR084290/DRR084290.sralite.1	32_pC1-2-RNAseq	RNA-Seq	cDNA	TRANSCRIPTOMIC	SINGLE	0	0.0	ILLUMINA	Illumina HiSeq 2500	DRP004744			DRS086090	SAMD00073704	simple		Staphylococcus aureus	SAMD00073704							no					UT_GSPS	DRA005494		public	D25CBA95DCBE68908EECA67F4114AA3D	8CAB79BBA5D68917EA1D97C2DA080892			True	True	True		p703888:703888_6	True
ERX4581853	DRR084283	HG003 (NCTC8325 der.)	p703888	703888_7	703888_0	PRJDB5480	1280	2019-01-18 13:27:39	2019-01-18 13:36:49	21911248	788804928	0	36	557		https://sra-downloadb.be-md.ncbi.nlm.nih.gov/sos5/sra-pub-zq-11/DRR000/084/DRR084283/DRR084283.sralite.1	25_pF-1-RNAseq	RNA-Seq	cDNA	TRANSCRIPTOMIC	SINGLE	0	0.0	ILLUMINA	Illumina HiSeq 2500	DRP004744			DRS086083	SAMD00073697	simple		Staphylococcus aureus	SAMD00073697							no					UT_GSPS	DRA005494		public	8FC76B977AA6A30E0CE586AE3855BBF0	CB3AD61A15E4A5CE93302026E1EE17B0			True	True	True		p703888:703888_7	True
ERX4581857	DRR084287	HG003 (NCTC8325 der.)	p703888	703888_7	703888_0	PRJDB5480	1280	2019-01-18 13:27:39	2019-01-18 13:36:38	21728079	782210844	0	36	551		https://sra-downloadb.be-md.ncbi.nlm.nih.gov/sos5/sra-pub-zq-11/DRR000/084/DRR084287/DRR084287.sralite.1	29_plntF-2-RNAseq	RNA-Seq	cDNA	TRANSCRIPTOMIC	SINGLE	0	0.0	ILLUMINA	Illumina HiSeq 2500	DRP004744			DRS086087	SAMD00073701	simple		Staphylococcus aureus	SAMD00073701							no					UT_GSPS	DRA005494		public	31E8968B6638A0CD53424B2F5B874789	212AB9EC6678E931EE3650D5C041BA73			True	True	True		p703888:703888_7	True
ERX4581861	DRR084291	HG003 (NCTC8325 der.)	p703888	703888_7	703888_0	PRJDB5480	1280	2019-01-18 13:27:39	2019-01-18 13:35:50	31895954	1148254344	0	36	787		https://sra-downloadb.be-md.ncbi.nlm.nih.gov/sos5/sra-pub-zq-11/DRR000/084/DRR084291/DRR084291.sralite.1	33_pM1-2-RNAseq	RNA-Seq	cDNA	TRANSCRIPTOMIC	SINGLE	0	0.0	ILLUMINA	Illumina HiSeq 2500	DRP004744			DRS086091	SAMD00073705	simple		Staphylococcus aureus	SAMD00073705							no					UT_GSPS	DRA005494		public	69F9068C4B3D0B0A957AC2CDFAE6A1B7	29F81331561D0243E0E9E98AA2C96DC3			True	True	True		p703888:703888_7	True
ERX7722950	DRR084304	HG003 (NCTC8325 der.)	p815579	815579_1	815579_0	PRJDB5480	1280	2019-01-18 13:27:39	2019-01-18 13:38:25	14501556	522056016	0	36	384		https://sra-downloadb.be-md.ncbi.nlm.nih.gov/sos5/sra-pub-zq-11/DRR000/084/DRR084304/DRR084304.sralite.1	46_SR-1-2-RNAseq	RNA-Seq	cDNA	TRANSCRIPTOMIC	SINGLE	0	0.0	ILLUMINA	Illumina HiSeq 2500	DRP004744			DRS086104	SAMD00073718	simple		Staphylococcus aureus	SAMD00073718							no					UT_GSPS	DRA005494		public	8F98F149C393DE68B2D3802845682753	27D88AF7C0EDC388DC20171CF6E853C7			True	True	True		p815579:815579_1	True
ERX7722951	DRR084305	HG003 (NCTC8325 der.)	p815579	815579_1	815579_0	PRJDB5480	1280	2019-01-18 13:27:39	2019-01-18 13:37:07	40826096	1469739456	0	36	1078		https://sra-downloadb.be-md.ncbi.nlm.nih.gov/sos5/sra-pub-zq-11/DRR000/084/DRR084305/DRR084305.sralite.1	47_SR-1D-2-RNAseq	RNA-Seq	cDNA	TRANSCRIPTOMIC	SINGLE	0	0.0	ILLUMINA	Illumina HiSeq 2500	DRP004744			DRS086105	SAMD00073719	simple		Staphylococcus aureus	SAMD00073719							no					UT_GSPS	DRA005494		public	BA20CBE9AF49A32EFA5F32F1AD655C8A	2081E2D986A8AD1B96E2D747D6A3D7A3			True	True	True		p815579:815579_1	True
ERX7722953	DRR084307	HG003 (NCTC8325 der.)	p815579	815579_0	815579_0	PRJDB5480	1280	2019-01-18 13:27:39	2019-01-18 13:36:05	21197392	763106112	0	36	564		https://sra-downloadb.be-md.ncbi.nlm.nih.gov/sos5/sra-pub-zq-11/DRR000/084/DRR084307/DRR084307.sralite.1	49_NI-13D-3-RNAseq	RNA-Seq	cDNA	TRANSCRIPTOMIC	SINGLE	0	0.0	ILLUMINA	Illumina HiSeq 2500	DRP004744			DRS086107	SAMD00073721	simple		Staphylococcus aureus	SAMD00073721							no					UT_GSPS	DRA005494		public	C52075C1703EC5E61008A8F2213AD9A6	E48CB38E75930DEF8C869FCDC8348178			True	True	True		p815579:815579_0	True
ERX7722954	DRR084308	HG003 (NCTC8325 der.)	p815579	815579_0	815579_0	PRJDB5480	1280	2019-01-18 13:27:39	2019-01-18 13:35:04	18542846	667542456	0	36	492		https://sra-downloadb.be-md.ncbi.nlm.nih.gov/sos5/sra-pub-zq-11/DRR000/084/DRR084308/DRR084308.sralite.1	50_SR-1-3-RNAseq	RNA-Seq	cDNA	TRANSCRIPTOMIC	SINGLE	0	0.0	ILLUMINA	Illumina HiSeq 2500	DRP004744			DRS086108	SAMD00073722	simple		Staphylococcus aureus	SAMD00073722							no					UT_GSPS	DRA005494		public	F5C097EF7997F9D904857C9BB84C9518	ACE834246ED1F934F7796DA5DE0F5756			True	True	True		p815579:815579_0	True
ERX7722955	DRR084309	HG003 (NCTC8325 der.)	p815579	815579_0	815579_0	PRJDB5480	1280	2019-01-18 13:27:39	2019-01-18 13:37:32	21764701	783529236	0	36	577		https://sra-downloadb.be-md.ncbi.nlm.nih.gov/sos5/sra-pub-zq-11/DRR000/084/DRR084309/DRR084309.sralite.1	51_SR-1D-3-RNAseq	RNA-Seq	cDNA	TRANSCRIPTOMIC	SINGLE	0	0.0	ILLUMINA	Illumina HiSeq 2500	DRP004744			DRS086109	SAMD00073723	simple		Staphylococcus aureus	SAMD00073723							no					UT_GSPS	DRA005494		public	84BF46AF9DCA533765271E96840C0A89	CE8B4361E663304776FAAE184728A190			True	True	True		p815579:815579_0	True
SRX10828565	DRR225252	HG003 (NCTC8325 der.)	p728655	728655_1	728655_0	PRJDB9767	1280	2020-05-11 5:38:08	2020-05-11 6:12:27	22897817	4625359034	22897817	202	1756		https://sra-downloadb.be-md.ncbi.nlm.nih.gov/sos3/sra-pub-zq-22/DRR000/225/DRR225252.sralite.1		RNA-Seq	RT-PCR	TRANSCRIPTOMIC	PAIRED	200	0.0	ILLUMINA	Illumina HiSeq 2500	DRP006081			DRS138492	SAMD00222794	simple		Staphylococcus aureus	SAMD00222794							no					JUNTENDO	DRA010120		public	717D1C47DD318EFFABFAB1E47413D42F	61EBAA60B3ABEFF814AE4186D62B5163			True	True	True		p728655:728655_1	True
SRX10828566	DRR225253	HG003 (NCTC8325 der.)	p728655	728655_1	728655_0	PRJDB9767	1280	2020-05-11 5:38:08	2020-05-11 6:16:17	22837810	4613237620	22837810	202	1688		https://sra-downloadb.be-md.ncbi.nlm.nih.gov/sos3/sra-pub-zq-22/DRR000/225/DRR225253.sralite.1		RNA-Seq	RT-PCR	TRANSCRIPTOMIC	PAIRED	200	0.0	ILLUMINA	Illumina HiSeq 2500	DRP006081			DRS138493	SAMD00222795	simple		Staphylococcus aureus	SAMD00222795							no					JUNTENDO	DRA010120		public	053B9017B74B6B385F7E5FA599F2F0E5	C997A454D53CD098A09C5831197A6B83			True	True	True		p728655:728655_1	True
SRX13376825	DRR311222	SH1000	p787900	787900_0	787900_0	PRJDB12070	1280	2022-07-01 14:24:42	2022-07-01 14:30:54	8452651	2535795300	8452651	300	919		https://sra-downloadb.be-md.ncbi.nlm.nih.gov/sos2/sra-pub-zq-20/DRR000/311/DRR311222/DRR311222.lite.1		RNA-Seq	RANDOM PCR	TRANSCRIPTOMIC	PAIRED	150	0.0	ILLUMINA	Illumina HiSeq 2000	DRP008712			DRS244720	SAMD00394443	simple		Staphylococcus aureus	SAMD00394443							no					JIKEI	DRA012491		public	3B128E3092EB1B23091CCD61B402E5D5	27BF69BE858F0599293E750AABAE558A			True	True	True		p787900:787900_0	True
SRX13376826	DRR311223	SH1000	p787900	787900_0	787900_0	PRJDB12070	1280	2022-07-01 14:24:42	2022-07-01 14:30:53	7125217	2137565100	7125217	300	769		https://sra-downloadb.be-md.ncbi.nlm.nih.gov/sos2/sra-pub-zq-20/DRR000/311/DRR311223/DRR311223.lite.1		RNA-Seq	RANDOM PCR	TRANSCRIPTOMIC	PAIRED	150	0.0	ILLUMINA	Illumina HiSeq 2000	DRP008712			DRS244721	SAMD00394444	simple		Staphylococcus aureus	SAMD00394444							no					JIKEI	DRA012491		public	979D74B498AF289B77F255A0EEB60472	B7519A2B36D6FF9F1BFCBE0420052A6E			True	True	True		p787900:787900_0	True
SRX13376837	DRR421223	SH1000	p787900	787900_2	787900_0	PRJDB14838	561307	2022-11-28 12:55:04	2022-11-28 13:05:03	34161995	1229831820	0	36	422		https://sra-downloadb.be-md.ncbi.nlm.nih.gov/sos2/sra-pub-zq-18/DRR000/421/DRR421223/DRR421223.lite.1		RNA-Seq	cDNA	TRANSCRIPTOMIC	SINGLE	0	0.0	ILLUMINA	Illumina HiSeq 3000	DRP009283			DRS266427	SAMD00561232	simple		Staphylococcus aureus subsp. aureus RN4220	SAMD00561232							no					OKA_MDPS	DRA015222		public	ED111A71FAAE0C046768A3DFF2A99512	DF90E13A241B1CF0BC862C04F50CFF85			True	True	True		p787900:787900_2	True
SRX13376838	DRR421224	SH1000	p787900	787900_2	787900_0	PRJDB14838	561307	2022-11-28 12:55:04	2022-11-28 13:05:06	50617722	1822237992	0	36	639		https://sra-downloadb.be-md.ncbi.nlm.nih.gov/sos2/sra-pub-zq-18/DRR000/421/DRR421224/DRR421224.lite.1		RNA-Seq	cDNA	TRANSCRIPTOMIC	SINGLE	0	0.0	ILLUMINA	Illumina HiSeq 3000	DRP009283			DRS266428	SAMD00561233	simple		Staphylococcus aureus subsp. aureus RN4220	SAMD00561233							no					OKA_MDPS	DRA015222		public	DC746BBF3469616E3ABDA43C2D6331EC	010DAD2EBAF52890EB8672E2F3E4FAB1			True	True	True		p787900:787900_2	True
SRX13376839	DRR421225	SH1000	p787900	787900_2	787900_0	PRJDB14838	1280	2022-11-28 12:55:04	2022-11-28 13:05:12	35457909	1276484724	0	36	429		https://sra-downloadb.be-md.ncbi.nlm.nih.gov/sos2/sra-pub-zq-18/DRR000/421/DRR421225/DRR421225.lite.1		RNA-Seq	cDNA	TRANSCRIPTOMIC	SINGLE	0	0.0	ILLUMINA	Illumina HiSeq 3000	DRP009283			DRS266429	SAMD00561234	simple		Staphylococcus aureus	SAMD00561234							no					OKA_MDPS	DRA015222		public	47C59FDBEC7418499C6424A0BEA47AFF	95D86DC353F927ED47D02A684BB45495			True	True	True		p787900:787900_2	True
SRX13376840	DRR421226	SH1000	p787900	787900_3	787900_0	PRJDB14838	1280	2022-11-28 12:55:04	2022-11-28 13:04:54	46607662	1677875832	0	36	573		https://sra-downloadb.be-md.ncbi.nlm.nih.gov/sos2/sra-pub-zq-18/DRR000/421/DRR421226/DRR421226.lite.1		RNA-Seq	cDNA	TRANSCRIPTOMIC	SINGLE	0	0.0	ILLUMINA	Illumina HiSeq 3000	DRP009283			DRS266430	SAMD00561235	simple		Staphylococcus aureus	SAMD00561235							no					OKA_MDPS	DRA015222		public	6A329161DB44A5050CA2E813D9BDAC24	7B6A770AEA3641FA1AF917931705F462			True	True	True		p787900:787900_3	True
SRX13376841	DRR421227	SH1000	p787900	787900_3	787900_0	PRJDB14838	1280	2022-11-28 12:55:04	2022-11-28 13:05:16	43903230	1580516280	0	36	557		https://sra-downloadb.be-md.ncbi.nlm.nih.gov/sos2/sra-pub-zq-18/DRR000/421/DRR421227/DRR421227.lite.1		RNA-Seq	cDNA	TRANSCRIPTOMIC	SINGLE	0	0.0	ILLUMINA	Illumina HiSeq 3000	DRP009283			DRS266431	SAMD00561236	simple		Staphylococcus aureus	SAMD00561236							no					OKA_MDPS	DRA015222		public	CDFA00BE32BF17B6A2958CD67CF9938C	0049C8C203E1CD1D7EFCB0DB71139EE9			True	True	True		p787900:787900_3	True
SRX13376843	ERR989622	SH1000	p787900	787900_4	787900_0	PRJEB10545	158878	2017-08-26 9:19:15	2021-10-31 13:49:55	23464005	1173200250	0	50	450		https://sra-downloadb.be-md.ncbi.nlm.nih.gov/sos2/sra-pub-zq-20/ERR000/989/ERR989622/ERR989622.lite.2	Sample 10	RNA-Seq	cDNA	TRANSCRIPTOMIC	SINGLE	0	0.0	ILLUMINA	Illumina HiSeq 2000	ERP011807			ERS822209	SAMEA3515060	simple		Staphylococcus aureus subsp. aureus Mu50	SAMEA104492815							no					Laboratory of Pharmaceutical Microbiology, Faculty of Pharmaceutical Sciences, Ghent University, Ghent, Belgium.	ERA472760		public	1A9BC7D89F8BECA5199DC86B2A3E3F9D	13A1FCBE56E8BE7DCA2A75E885EC61E4			True	True	True		p787900:787900_4	True
SRX13376844	ERR989623	SH1000	p787900	787900_4	787900_0	PRJEB10545	158878	2017-08-26 9:19:15	2021-10-31 13:51:00	24576732	1228836600	0	50	471		https://sra-downloadb.be-md.ncbi.nlm.nih.gov/sos2/sra-pub-zq-20/ERR000/989/ERR989623/ERR989623.lite.2	Sample 11	RNA-Seq	cDNA	TRANSCRIPTOMIC	SINGLE	0	0.0	ILLUMINA	Illumina HiSeq 2000	ERP011807			ERS822210	SAMEA3515061	simple		Staphylococcus aureus subsp. aureus Mu50	SAMEA104492813							no					Laboratory of Pharmaceutical Microbiology, Faculty of Pharmaceutical Sciences, Ghent University, Ghent, Belgium.	ERA472760		public	9F266DBE900F630F57FCB8AEDD1DC204	3FA96AC73E46CD2A4E156D73347D75E4			True	True	True		p787900:787900_4	True
SRX13376845	ERR989624	SH1000	p787900	787900_4	787900_0	PRJEB10545	158878	2017-08-26 9:19:15	2021-10-31 13:44:24	22769687	1138484350	0	50	433		https://sra-downloadb.be-md.ncbi.nlm.nih.gov/sos2/sra-pub-zq-20/ERR000/989/ERR989624/ERR989624.lite.2	Sample 12	RNA-Seq	cDNA	TRANSCRIPTOMIC	SINGLE	0	0.0	ILLUMINA	Illumina HiSeq 2000	ERP011807			ERS822211	SAMEA3515062	simple		Staphylococcus aureus subsp. aureus Mu50	SAMEA104492820							no					Laboratory of Pharmaceutical Microbiology, Faculty of Pharmaceutical Sciences, Ghent University, Ghent, Belgium.	ERA472760		public	4697B94494BE3231DC30B7F78DE6DBB3	36B2D17E06A8CC398FE723DE55B177A2			True	True	True		p787900:787900_4	True
SRX2656779	ERR2242413	HG001	p379804	379804_1	379804_0	PRJEB24365	426430	2018-07-03 16:28:18	2022-07-30 5:52:54	10668766	2657031773	10668766	249	1065		https://sra-downloadb.be-md.ncbi.nlm.nih.gov/sos3/sra-pub-zq-24/ERR002/2242/ERR2242413/ERR2242413.lite.2	Nwmn_squ_2_p	RNA-Seq	RT-PCR	TRANSCRIPTOMIC	PAIRED	113	21.0	ILLUMINA	Illumina HiSeq 2500	ERP106183			ERS2085505	SAMEA104467563	simple		Staphylococcus aureus subsp. aureus str. Newman	SAMEA104467563							no					CGR University of Liverpool	ERA1179267		public	8CEBB40B3540D41ED0B04E20B9636604	DED676E68178934E34694783B8063C25			True	True	True		p379804:379804_1	True
SRX2656780	ERR2242414	HG001	p379804	379804_1	379804_0	PRJEB24365	426430	2018-07-03 16:28:18	2021-10-17 17:56:42	12943640	3226696532	12943640	249	1314		https://sra-downloadb.be-md.ncbi.nlm.nih.gov/sos2/sra-pub-zq-20/ERR002/2242/ERR2242414/ERR2242414.lite.2	Nwmn_squ_3_p	RNA-Seq	RT-PCR	TRANSCRIPTOMIC	PAIRED	115	18.0	ILLUMINA	Illumina HiSeq 2500	ERP106183			ERS2085506	SAMEA104467564	simple		Staphylococcus aureus subsp. aureus str. Newman	SAMEA104467564							no					CGR University of Liverpool	ERA1179267		public	B0914534A969775A5E64F7ADE795FE20	408B9561DDBAE63526F669515D139552			True	True	True		p379804:379804_1	True
SRX2656781	ERR2677724	HG001	p379804	379804_0	379804_0	PRJEB27527	1280	2018-07-15 8:21:41	2018-07-19 10:01:57	10904579	811576108	0	74	337		https://sra-downloadb.be-md.ncbi.nlm.nih.gov/sos3/sra-pub-zq-22/ERR002/677/ERR2677724.sralite.1	unspecified	RNA-Seq	unspecified	TRANSCRIPTOMIC	SINGLE	0	0.0	ILLUMINA	NextSeq 500	ERP109616			ERS2593060	SAMEA4773106	simple		Staphylococcus aureus	SAMEA4773106							no					INSTITUTE OF INFECTION, IMMUNITY AND INFLAMMATION	ERA1533289		public	45EE8421136019D269E6B8A69B9FFA12	24B098F5E244596E0B5195791F6891FF			True	True	True		p379804:379804_0	True
SRX2656782	ERR2677725	HG001	p379804	379804_0	379804_0	PRJEB27527	1280	2018-07-15 8:21:41	2018-07-19 10:02:15	11968685	891065099	0	74	368		https://sra-downloadb.be-md.ncbi.nlm.nih.gov/sos3/sra-pub-zq-22/ERR002/677/ERR2677725.sralite.1	unspecified	RNA-Seq	unspecified	TRANSCRIPTOMIC	SINGLE	0	0.0	ILLUMINA	NextSeq 500	ERP109616			ERS2593061	SAMEA4773107	simple		Staphylococcus aureus	SAMEA4773107							no					INSTITUTE OF INFECTION, IMMUNITY AND INFLAMMATION	ERA1533289		public	5003D09A55B2C5604EB8BAA2A45116BF	D86CB0E997DC4918BA04A956F998B120			True	True	True		p379804:379804_0	True
SRX2656783	ERR2677726	HG001	p379804	379804_2	379804_0	PRJEB27527	1280	2018-07-15 8:21:41	2018-07-19 10:02:40	11983752	892096998	0	74	371		https://sra-downloadb.be-md.ncbi.nlm.nih.gov/sos3/sra-pub-zq-22/ERR002/677/ERR2677726.sralite.1	unspecified	RNA-Seq	unspecified	TRANSCRIPTOMIC	SINGLE	0	0.0	ILLUMINA	NextSeq 500	ERP109616			ERS2593062	SAMEA4773108	simple		Staphylococcus aureus	SAMEA4773108							no					INSTITUTE OF INFECTION, IMMUNITY AND INFLAMMATION	ERA1533289		public	A28CA86EB99EA55CA7C164D6C3869231	5BD966C03B030295527FEADFB724DD26			True	True	True		p379804:379804_2	True
SRX2656784	ERR2677727	HG001	p379804	379804_2	379804_0	PRJEB27527	1280	2018-07-15 8:21:41	2018-07-19 10:03:17	12711887	946604642	0	74	392		https://sra-downloadb.be-md.ncbi.nlm.nih.gov/sos5/sra-pub-zq-16/ERR002/677/ERR2677727.sralite.1	unspecified	RNA-Seq	unspecified	TRANSCRIPTOMIC	SINGLE	0	0.0	ILLUMINA	NextSeq 500	ERP109616			ERS2593063	SAMEA4773109	simple		Staphylococcus aureus	SAMEA4773109							no					INSTITUTE OF INFECTION, IMMUNITY AND INFLAMMATION	ERA1533289		public	D51EE0AD5E8CED223CA283BC9BF4A934	2879B68064882E10CD5F8544CB27E754			True	True	True		p379804:379804_2	True
SRX3343296	ERR2677733	HG003	p416319	416319_00	416319_00	PRJEB27527	1280	2018-07-15 8:21:41	2018-07-19 10:05:06	11107514	827202580	0	74	341		https://sra-downloadb.be-md.ncbi.nlm.nih.gov/sos3/sra-pub-zq-22/ERR002/677/ERR2677733.sralite.1	unspecified	RNA-Seq	unspecified	TRANSCRIPTOMIC	SINGLE	0	0.0	ILLUMINA	NextSeq 500	ERP109616			ERS2593069	SAMEA4773115	simple		Staphylococcus aureus	SAMEA4773115							no					INSTITUTE OF INFECTION, IMMUNITY AND INFLAMMATION	ERA1533289		public	A632DF69D29FC8D99A4069A605610210	A725782A04FB617EB792BCFB592DE37F			True	True	True		p416319:416319_00	True
SRX3343297	ERR2677734	HG003	p416319	416319_00	416319_00	PRJEB27527	1280	2018-07-15 8:21:41	2018-07-19 10:05:10	12154113	904995000	0	74	374		https://sra-downloadb.be-md.ncbi.nlm.nih.gov/sos3/sra-pub-zq-22/ERR002/677/ERR2677734.sralite.1	unspecified	RNA-Seq	unspecified	TRANSCRIPTOMIC	SINGLE	0	0.0	ILLUMINA	NextSeq 500	ERP109616			ERS2593070	SAMEA4773116	simple		Staphylococcus aureus	SAMEA4773116							no					INSTITUTE OF INFECTION, IMMUNITY AND INFLAMMATION	ERA1533289		public	93C5DD520BE1A1DD4AB8AFB9799F6197	AD3E05027315FC30595CE1C36A736D38			True	True	True		p416319:416319_00	True
SRX3343298	ERR2677735	HG003	p416319	416319_00	416319_00	PRJEB27527	1280	2018-07-15 8:21:41	2018-07-19 10:05:37	7800978	580507998	0	74	240		https://sra-downloadb.be-md.ncbi.nlm.nih.gov/sos3/sra-pub-zq-22/ERR002/677/ERR2677735.sralite.1	unspecified	RNA-Seq	unspecified	TRANSCRIPTOMIC	SINGLE	0	0.0	ILLUMINA	NextSeq 500	ERP109616			ERS2593071	SAMEA4773117	simple		Staphylococcus aureus	SAMEA4773117							no					INSTITUTE OF INFECTION, IMMUNITY AND INFLAMMATION	ERA1533289		public	2822F689EED7513C29A4467E3619000F	C47DB11AD09E095BD3C394A61930D62D			True	True	True		p416319:416319_00	True
SRX3353470	ERR2677736	HG003	p416921	416319_0	416319_0	PRJEB27527	1280	2018-07-15 8:21:41	2018-07-19 10:06:03	11348156	844573870	0	74	348		https://sra-downloadb.be-md.ncbi.nlm.nih.gov/sos3/sra-pub-zq-22/ERR002/677/ERR2677736.sralite.1	unspecified	RNA-Seq	unspecified	TRANSCRIPTOMIC	SINGLE	0	0.0	ILLUMINA	NextSeq 500	ERP109616			ERS2593072	SAMEA4773118	simple		Staphylococcus aureus	SAMEA4773118							no					INSTITUTE OF INFECTION, IMMUNITY AND INFLAMMATION	ERA1533289		public	EAE1309E6F9D2F17A8AB4C106F4F87AA	7CEFF5AED5655FB8260494E9C22EBFAF			True	True	True		p416921:416319_0	True
SRX3353471	ERR2677737	HG003	p416921	416319_0	416319_0	PRJEB27527	1280	2018-07-15 8:21:41	2018-07-19 10:06:05	12742699	948025014	0	74	392		https://sra-downloadb.be-md.ncbi.nlm.nih.gov/sos3/sra-pub-zq-22/ERR002/677/ERR2677737.sralite.1	unspecified	RNA-Seq	unspecified	TRANSCRIPTOMIC	SINGLE	0	0.0	ILLUMINA	NextSeq 500	ERP109616			ERS2593073	SAMEA4773119	simple		Staphylococcus aureus	SAMEA4773119							no					INSTITUTE OF INFECTION, IMMUNITY AND INFLAMMATION	ERA1533289		public	70E19AE106FA416A5A4CA54C4AAAEDE5	3DB4643766E415D17ADB3271A5E84B45			True	True	True		p416921:416319_0	True
SRX3353474	ERR2677740	HG003	p416921	416319_2	416319_0	PRJEB27527	1280	2018-07-15 8:21:42	2018-07-19 10:07:08	12517573	930697831	0	74	384		https://sra-downloadb.be-md.ncbi.nlm.nih.gov/sos3/sra-pub-zq-22/ERR002/677/ERR2677740.sralite.1	unspecified	RNA-Seq	unspecified	TRANSCRIPTOMIC	SINGLE	0	0.0	ILLUMINA	NextSeq 500	ERP109616			ERS2593076	SAMEA4773122	simple		Staphylococcus aureus	SAMEA4773122							no					INSTITUTE OF INFECTION, IMMUNITY AND INFLAMMATION	ERA1533289		public	D327C1F0F205AEEA4B0B8D0C8DDAE7B7	1492AAD2D7DBF5CD1E4C20A2F9B055C3			True	True	True		p416921:416319_2	True
SRX3353475	ERR2677741	HG003	p416921	416319_2	416319_0	PRJEB27527	1280	2018-07-15 8:21:42	2018-07-19 10:07:25	12120427	902813543	0	74	375		https://sra-downloadb.be-md.ncbi.nlm.nih.gov/sos3/sra-pub-zq-22/ERR002/677/ERR2677741.sralite.1	unspecified	RNA-Seq	unspecified	TRANSCRIPTOMIC	SINGLE	0	0.0	ILLUMINA	NextSeq 500	ERP109616			ERS2593077	SAMEA4773123	simple		Staphylococcus aureus	SAMEA4773123							no					INSTITUTE OF INFECTION, IMMUNITY AND INFLAMMATION	ERA1533289		public	48C4E8E3A9F6D165B97AC2F2C405E0D3	584FADAB67B929EEFF4FA7FD88FF0CBE			True	True	True		p416921:416319_2	True
SRX4965409	ERR2820061	HG001	p503390	503390_1	503390_0	PRJEB28806	1280	2019-10-02 7:39:02	2019-10-04 21:58:47	45579890	2278994500	0	50	792		https://sra-downloadb.be-md.ncbi.nlm.nih.gov/sos5/sra-pub-zq-16/ERR002/820/ERR2820061.sralite.1	unspecified	RNA-Seq	RANDOM	TRANSCRIPTOMIC	SINGLE	0	0.0	ILLUMINA	Illumina HiSeq 2500	ERP111062			ERS2768245	SAMEA4949564	simple		Staphylococcus aureus	SAMEA4949564							no					HUG	ERA1614566		public	9E21ED80A4B7B3A56A1B1B3836A934F4	D9DAAB6FE3AC113AF12D606423552D21			True	True	True		p503390:503390_1	True
SRX4965411	ERR2820062	HG001	p503390	503390_1	503390_0	PRJEB28806	1280	2019-10-02 7:39:02	2019-10-04 22:00:23	42044812	2102240600	0	50	731		https://sra-downloadb.be-md.ncbi.nlm.nih.gov/sos3/sra-pub-zq-22/ERR002/820/ERR2820062.sralite.1	unspecified	RNA-Seq	RANDOM	TRANSCRIPTOMIC	SINGLE	0	0.0	ILLUMINA	Illumina HiSeq 2500	ERP111062			ERS2768246	SAMEA4949565	simple		Staphylococcus aureus	SAMEA4949565							no					HUG	ERA1614566		public	79ED55ABA4120B6B590A4A9D99B9D737	C76B009FE21920D775F42371B1F2820E			True	True	True		p503390:503390_1	True
SRX4965412	ERR2820063	HG001	p503390	503390_1	503390_0	PRJEB28806	1280	2019-10-02 7:39:02	2019-10-04 21:59:32	45743051	2287152550	0	50	798		https://sra-downloadb.be-md.ncbi.nlm.nih.gov/sos3/sra-pub-zq-22/ERR002/820/ERR2820063.sralite.1	unspecified	RNA-Seq	RANDOM	TRANSCRIPTOMIC	SINGLE	0	0.0	ILLUMINA	Illumina HiSeq 2500	ERP111062			ERS2768247	SAMEA4949566	simple		Staphylococcus aureus	SAMEA4949566							no					HUG	ERA1614566		public	3517E486D19A2B2CB636C8C4502646A4	21DBF4A025FADB12967F17B9DA560CAA			True	True	True		p503390:503390_1	True
SRX5029495	ERR2820066	RN4220	p506073	506073_1	506073_0	PRJEB28806	1280	2019-10-02 7:39:02	2019-10-04 22:02:34	40998581	2049929050	0	50	717		https://sra-downloadb.be-md.ncbi.nlm.nih.gov/sos3/sra-pub-zq-22/ERR002/820/ERR2820066.sralite.1	unspecified	RNA-Seq	RANDOM	TRANSCRIPTOMIC	SINGLE	0	0.0	ILLUMINA	Illumina HiSeq 2500	ERP111062			ERS2768250	SAMEA4949569	simple		Staphylococcus aureus	SAMEA4949569							no					HUG	ERA1614566		public	C1EB4449FD407609897CF7FC3AB6BA2D	D39322C5245916DEBA2924EA4688EF23			True	True	True		p506073:506073_1	True
SRX5029496	ERR2820067	RN4220	p506073	506073_1	506073_0	PRJEB28806	1280	2019-10-02 7:39:02	2019-10-04 22:03:36	40973137	2048656850	0	50	716		https://sra-downloadb.be-md.ncbi.nlm.nih.gov/sos3/sra-pub-zq-22/ERR002/820/ERR2820067.sralite.1	unspecified	RNA-Seq	RANDOM	TRANSCRIPTOMIC	SINGLE	0	0.0	ILLUMINA	Illumina HiSeq 2500	ERP111062			ERS2768251	SAMEA4949570	simple		Staphylococcus aureus	SAMEA4949570							no					HUG	ERA1614566		public	D8A973984641C73F5B09B70CA7D3D386	D2BB12C2777D202F60EA6EA04552140F			True	True	True		p506073:506073_1	True
SRX529234	ERR454951	NCTC 8325	p245830	245830_1	245830_0	PRJEB5811	1280	2014-09-05 19:23:14	2021-10-28 12:31:43	16236729	3247345800	16236729	200	2132		https://sra-downloadb.be-md.ncbi.nlm.nih.gov/sos2/sra-pub-zq-18/ERR000/454/ERR454951/ERR454951.lite.2	6A	RNA-Seq	RANDOM	TRANSCRIPTOMIC	PAIRED	300	200.0	ILLUMINA	Illumina HiSeq 2000	ERP005246			ERS421557	SAMEA2397504	simple		Staphylococcus aureus	SAMEA2397504							no					BGI TECH SOLUTIONS (HONGKONG)	ERA293632		public	CDE68D5325E1D5F61B526844622FB09A	42CACA3CFBB6070E05D7300E9C41FA42			True	True	True		p245830:245830_1	True
SRX529235	ERR454954	NCTC 8325	p245830	245830_1	245830_0	PRJEB5811	1280	2014-09-05 19:23:14	2021-10-28 13:15:58	16922615	3384523000	16922615	200	2223		https://sra-downloadb.be-md.ncbi.nlm.nih.gov/sos2/sra-pub-zq-18/ERR000/454/ERR454954/ERR454954.lite.2	2A	RNA-Seq	RANDOM	TRANSCRIPTOMIC	PAIRED	300	200.0	ILLUMINA	Illumina HiSeq 2000	ERP005246			ERS421558	SAMEA2397505	simple		Staphylococcus aureus	SAMEA2397505							no					BGI TECH SOLUTIONS (HONGKONG)	ERA293632		public	A4E2A404F310B2BC526DA5ED9398A1DD	24F748B0E8AE27158C9FC850DD613D32			True	True	True		p245830:245830_1	True
SRX529236	ERR454957	NCTC 8325	p245830	245830_0	245830_0	PRJEB5811	1280	2014-09-05 19:23:14	2021-10-28 9:51:20	19856261	3971252200	19856261	200	2606		https://sra-downloadb.be-md.ncbi.nlm.nih.gov/sos2/sra-pub-zq-18/ERR000/454/ERR454957/ERR454957.lite.2	4A	RNA-Seq	RANDOM	TRANSCRIPTOMIC	PAIRED	300	200.0	ILLUMINA	Illumina HiSeq 2000	ERP005246			ERS421559	SAMEA2397506	simple		Staphylococcus aureus	SAMEA2397506							no					BGI TECH SOLUTIONS (HONGKONG)	ERA293632		public	18B0E7C42FFDF51BD195175BA1D6D3CD	BFB0E522C1709482C8A2C1BA488D891E			True	True	True		p245830:245830_0	True
SRX529237	ERR454958	NCTC 8325	p245830	245830_0	245830_0	PRJEB5811	1280	2014-09-05 19:23:15	2021-10-28 9:49:09	14664505	2932901000	14664505	200	1932		https://sra-downloadb.be-md.ncbi.nlm.nih.gov/sos2/sra-pub-zq-18/ERR000/454/ERR454958/ERR454958.lite.2	5B	RNA-Seq	RANDOM	TRANSCRIPTOMIC	PAIRED	300	200.0	ILLUMINA	Illumina HiSeq 2000	ERP005246			ERS421560	SAMEA2397507	simple		Staphylococcus aureus	SAMEA2397507							no					BGI TECH SOLUTIONS (HONGKONG)	ERA293632		public	6501C3E982D38D046000A3E8F7C8A519	C43D5444796DB03462153AAE4106D1B0			True	True	True		p245830:245830_0	True
SRX529238	ERR454961	NCTC 8325	p245830	245830_0	245830_0	PRJEB5811	1280	2014-09-05 19:23:15	2021-10-28 9:49:01	14063607	2812721400	14063607	200	1856		https://sra-downloadb.be-md.ncbi.nlm.nih.gov/sos2/sra-pub-zq-18/ERR000/454/ERR454961/ERR454961.lite.2	6B	RNA-Seq	RANDOM	TRANSCRIPTOMIC	PAIRED	300	200.0	ILLUMINA	Illumina HiSeq 2000	ERP005246			ERS421561	SAMEA2397508	simple		Staphylococcus aureus	SAMEA2397508							no					BGI TECH SOLUTIONS (HONGKONG)	ERA293632		public	56ECDA715BEFD7F12257B999656FACE8	BE4BF27F33C18CECEE9B6ACDAE5204DC			True	True	True		p245830:245830_0	True
SRX529239	ERR454960	NCTC 8325	p245830	245830_2	245830_0	PRJEB5811	1280	2014-09-05 19:23:15	2021-10-28 9:47:42	11717433	2343486600	11717433	200	1536		https://sra-downloadb.be-md.ncbi.nlm.nih.gov/sos2/sra-pub-zq-18/ERR000/454/ERR454960/ERR454960.lite.2	3B	RNA-Seq	RANDOM	TRANSCRIPTOMIC	PAIRED	300	200.0	ILLUMINA	Illumina HiSeq 2000	ERP005246			ERS421562	SAMEA2397509	simple		Staphylococcus aureus	SAMEA2397509							no					BGI TECH SOLUTIONS (HONGKONG)	ERA293632		public	4E4E832B138AEF7F29738560FFA5F6B1	432A52B0F91901237088AEFF4FE6D8CB			True	True	True		p245830:245830_2	True
SRX529240	ERR454959	NCTC 8325	p245830	245830_2	245830_0	PRJEB5811	1280	2014-09-05 19:23:15	2021-10-28 9:50:13	15243242	3048648400	15243242	200	2022		https://sra-downloadb.be-md.ncbi.nlm.nih.gov/sos2/sra-pub-zq-18/ERR000/454/ERR454959/ERR454959.lite.2	1B	RNA-Seq	RANDOM	TRANSCRIPTOMIC	PAIRED	300	200.0	ILLUMINA	Illumina HiSeq 2000	ERP005246			ERS421563	SAMEA2397510	simple		Staphylococcus aureus	SAMEA2397510							no					BGI TECH SOLUTIONS (HONGKONG)	ERA293632		public	82A5F2794E4B3EFC4583CF9CDB763E8C	6476052AF69B2862B58332032FB67AC3			True	True	True		p245830:245830_2	True
SRX529241	ERR454953	NCTC 8325	p245830	245830_2	245830_0	PRJEB5811	1280	2014-09-05 19:23:14	2021-10-28 9:49:28	14538120	2907624000	14538120	200	1927		https://sra-downloadb.be-md.ncbi.nlm.nih.gov/sos2/sra-pub-zq-18/ERR000/454/ERR454953/ERR454953.lite.2	4B	RNA-Seq	RANDOM	TRANSCRIPTOMIC	PAIRED	300	200.0	ILLUMINA	Illumina HiSeq 2000	ERP005246			ERS421564	SAMEA2397511	simple		Staphylococcus aureus	SAMEA2397511							no					BGI TECH SOLUTIONS (HONGKONG)	ERA293632		public	0C6DC5CDAF51E680E33425B37F871E11	9B88091E0FDB1BAC9D71FFAE97690E19			True	True	True		p245830:245830_2	True
SRX5562272	ERR454962	HG001 delta_rsaC	p528653	528653_1	528653_0	PRJEB5811	1280	2014-09-05 19:23:15	2021-10-28 9:48:12	15579962	3115992400	15579962	200	2049		https://sra-downloadb.be-md.ncbi.nlm.nih.gov/sos2/sra-pub-zq-18/ERR000/454/ERR454962/ERR454962.lite.2	2B	RNA-Seq	RANDOM	TRANSCRIPTOMIC	PAIRED	300	200.0	ILLUMINA	Illumina HiSeq 2000	ERP005246			ERS421565	SAMEA2397512	simple		Staphylococcus aureus	SAMEA2397512							no					BGI TECH SOLUTIONS (HONGKONG)	ERA293632		public	06EF0A93EED0700D54303A1B1CF4BB48	9E82CF04C4C1570F331DBCF9CB7C6286			True	True	True		p528653:528653_1	True
SRX5562273	ERR454956	HG001 delta_rsaC	p528653	528653_1	528653_0	PRJEB5811	1280	2014-09-05 19:23:14	2021-10-28 9:49:40	16376114	3275222800	16376114	200	2154		https://sra-downloadb.be-md.ncbi.nlm.nih.gov/sos2/sra-pub-zq-18/ERR000/454/ERR454956/ERR454956.lite.2	1A	RNA-Seq	RANDOM	TRANSCRIPTOMIC	PAIRED	300	200.0	ILLUMINA	Illumina HiSeq 2000	ERP005246			ERS421566	SAMEA2397513	simple		Staphylococcus aureus	SAMEA2397513							no					BGI TECH SOLUTIONS (HONGKONG)	ERA293632		public	D545EA3D7A8C9F87FB6304734329F31C	FFE6A67CE660585DB8B7607400708B8F			True	True	True		p528653:528653_1	True
SRX5562274	ERR454952	HG001 delta_rsaC	p528653	528653_0	528653_0	PRJEB5811	1280	2014-09-05 19:23:14	2021-10-28 11:55:47	16364352	3272870400	16364352	200	2142		https://sra-downloadb.be-md.ncbi.nlm.nih.gov/sos2/sra-pub-zq-18/ERR000/454/ERR454952/ERR454952.lite.2	5A	RNA-Seq	RANDOM	TRANSCRIPTOMIC	PAIRED	300	200.0	ILLUMINA	Illumina HiSeq 2000	ERP005246			ERS421567	SAMEA2397514	simple		Staphylococcus aureus	SAMEA2397514							no					BGI TECH SOLUTIONS (HONGKONG)	ERA293632		public	0395A2BD0C8CDEFAB02DCCA8B1A46DA8	FCB6294EC06BE5AC1043CF15F72DB45E			True	True	True		p528653:528653_0	True
SRX5562275	ERR454955	HG001 delta_rsaC	p528653	528653_0	528653_0	PRJEB5811	1280	2014-09-05 19:23:14	2021-10-28 9:47:16	15376492	3075298400	15376492	200	2011		https://sra-downloadb.be-md.ncbi.nlm.nih.gov/sos2/sra-pub-zq-18/ERR000/454/ERR454955/ERR454955.lite.2	3A	RNA-Seq	RANDOM	TRANSCRIPTOMIC	PAIRED	300	200.0	ILLUMINA	Illumina HiSeq 2000	ERP005246			ERS421568	SAMEA2397515	simple		Staphylococcus aureus	SAMEA2397515							no					BGI TECH SOLUTIONS (HONGKONG)	ERA293632		public	4FE79A56F4D7DB38229B9F6A03EA73A0	1BBCC7C29EEC0B4C7108A6E50606964F			True	True	True		p528653:528653_0	True
SRX9633997	ERR5443888	SH1000	p682641	682641_0	682641_0	PRJEB43496	1280	2021-03-17 19:06:55	2021-04-17 22:19:09	12061441	603072050	0	50	287		https://sra-downloadb.be-md.ncbi.nlm.nih.gov/sos2/sra-pub-zq-20/ERR005/5443/ERR5443888/ERR5443888.lite.1	unspecified	RNA-Seq	RANDOM	TRANSCRIPTOMIC	SINGLE	0	0.0	ILLUMINA	Illumina HiSeq 4000	ERP127468			ERS5914277	SAMEA8227706	simple		Staphylococcus aureus	SAMEA8227706							no					GENEVA UNIVERSITY HOSPITALS	ERA3564958		public	FA48D282023CC3A59601BF3FE907D994	D0082B4D86CDEEC5CE94670E05B0BA35			True	True	True		p682641:682641_0	True
SRX9633998	ERR5443889	SH1000	p682641	682641_0	682641_0	PRJEB43496	1280	2021-03-17 19:06:56	2021-04-17 22:18:14	9302999	465149950	0	50	227		https://sra-downloadb.be-md.ncbi.nlm.nih.gov/sos1/sra-pub-zq-38/ERR005/5443/ERR5443889/ERR5443889.lite.1	unspecified	RNA-Seq	RANDOM	TRANSCRIPTOMIC	SINGLE	0	0.0	ILLUMINA	Illumina HiSeq 4000	ERP127468			ERS5914278	SAMEA8227707	simple		Staphylococcus aureus	SAMEA8227707							no					GENEVA UNIVERSITY HOSPITALS	ERA3564958		public	8D66AE01001C6ECCEED4F90D99A15374	4AD4F99B05F2CB557486EB45A39318E1			True	True	True		p682641:682641_0	True
SRX9633999	ERR5443890	SH1000	p682641	682641_0	682641_0	PRJEB43496	1280	2021-03-17 19:06:56	2021-04-21 6:55:11	13464084	673204200	0	50	349		https://sra-downloadb.be-md.ncbi.nlm.nih.gov/sos2/sra-pub-zq-20/ERR005/5443/ERR5443890/ERR5443890.lite.1	unspecified	RNA-Seq	RANDOM	TRANSCRIPTOMIC	SINGLE	0	0.0	ILLUMINA	Illumina HiSeq 4000	ERP127468			ERS5914279	SAMEA8227708	simple		Staphylococcus aureus	SAMEA8227708							no					GENEVA UNIVERSITY HOSPITALS	ERA3564958		public	235AEC200EFEA5E1CA13E5542CB969D9	753A58158EB450B9DF299AA9BB007105			True	True	True		p682641:682641_0	True
SRX9634004	ERR5621525	SH1000	p682641	682641_0	682641_0	PRJEB42756	451516	2021-03-31 13:35:15	2021-04-15 7:48:55	8201533	656122640	8201533	80	229		https://sra-downloadb.be-md.ncbi.nlm.nih.gov/sos1/sra-pub-zq-38/ERR005/5621/ERR5621525/ERR5621525.lite.1	unspecified	RNA-Seq	RT-PCR	TRANSCRIPTOMIC	PAIRED	350	0.0	ILLUMINA	NextSeq 500	ERP126658			ERS6142166	SAMEA8457313	simple		Staphylococcus aureus subsp. aureus USA300_TCH1516	SAMEA8457313							no					KAIST	ERA3699926		public	6AAFC1E6B64B56D8CCE8C63B74EC0F24	E860DBC811A4C990E9F6AE86EA84EF92			True	True	True		p682641:682641_0	True
SRX9634005	ERR5621526	SH1000	p682641	682641_0	682641_0	PRJEB42756	451516	2021-03-31 13:35:15	2021-04-15 7:49:12	8470422	677633760	8470422	80	238		https://sra-downloadb.be-md.ncbi.nlm.nih.gov/sos1/sra-pub-zq-38/ERR005/5621/ERR5621526/ERR5621526.lite.1	unspecified	RNA-Seq	RT-PCR	TRANSCRIPTOMIC	PAIRED	350	0.0	ILLUMINA	NextSeq 500	ERP126658			ERS6142167	SAMEA8457314	simple		Staphylococcus aureus subsp. aureus USA300_TCH1516	SAMEA8457314							no					KAIST	ERA3699926		public	51AE6D26F8708444034CEB68FDB211F3	9BC3428EE3C54EEC3B6FF523A556E01F			True	True	True		p682641:682641_0	True
SRX9634006	ERR5621527	SH1000	p682641	682641_1	682641_0	PRJEB42756	451516	2021-03-31 13:35:15	2021-04-15 7:48:12	7418004	593440320	7418004	80	213		https://sra-downloadb.be-md.ncbi.nlm.nih.gov/sos1/sra-pub-zq-38/ERR005/5621/ERR5621527/ERR5621527.lite.1	unspecified	RNA-Seq	RT-PCR	TRANSCRIPTOMIC	PAIRED	350	0.0	ILLUMINA	NextSeq 500	ERP126658			ERS6142168	SAMEA8457315	simple		Staphylococcus aureus subsp. aureus USA300_TCH1516	SAMEA8457315							no					KAIST	ERA3699926		public	9F58E99A24ACBB02CF09EE3AB66B0665	24D57878110C64AD016D1DD9DDBCE656			True	True	True		p682641:682641_1	True
SRX9634007	ERR5621528	SH1000	p682641	682641_1	682641_0	PRJEB42756	451516	2021-03-31 15:46:43	2021-04-15 9:02:41	7994886	639590880	7994886	80	221		https://sra-downloadb.be-md.ncbi.nlm.nih.gov/sos1/sra-pub-zq-38/ERR005/5621/ERR5621528/ERR5621528.lite.1	unspecified	RNA-Seq	RT-PCR	TRANSCRIPTOMIC	PAIRED	350	0.0	ILLUMINA	NextSeq 500	ERP126658			ERS6142169	SAMEA8457316	simple		Staphylococcus aureus subsp. aureus USA300_TCH1516	SAMEA8457316							no					KAIST	ERA3699926		public	E9C8B9CE6758B53986EC21A142C74EDF	AD6BBFBD77F9C04ADCA0A5004E789887			True	True	True		p682641:682641_1	True
